symbol,grp,peak
A,current,250959087.231
AAPL,current,13351009213.0195
ABBV,current,1233026691.522
ABNB,current,1107231216.0
ABT,current,885198372.1115
ACGL,current,191773446.5
ACN,current,1032349504.8119999
ADBE,current,1447154898.0
ADI,current,1095053132.9585
ADM,current,222384043.62800002
ADP,current,575243003.3699999
ADSK,current,445576095.79
AEE,current,167394956.9525
AEP,current,413164010.40549994
AES,current,143066714.4385
AFL,current,236597148.2758
AIG,current,757433608.2277501
AIZ,current,78797011.8515
AJG,current,429540951.133
AKAM,current,324166543.5
ALB,current,357894825.1529
ALGN,current,337559098.55700004
ALL,current,299172432.65
ALLE,current,136918078.10729998
AMAT,current,2181017105.018
AMCR,current,203797325.50019997
AMD,current,9875865882.0995
AME,current,253121030.782
AMGN,current,810057539.0580001
AMP,current,262596670.8365
AMT,current,531442892.12240005
AMZN,current,12715542811.0
ANET,current,1091513786.0
AON,current,420304471.60800004
AOS,current,86527344.96700001
APA,current,377856691.95000005
APD,current,350231778.04499996
APH,current,1114723729.8137999
APO,current,461567382.48934996
APP,current,2497383727.0
APTV,current,215257250.5
ARE,current,122704565.75850001
ARES,current,298023182.714
ATO,current,164062825.2805
AVB,current,166284441.24199998
AVGO,current,7926588250.872
AVY,current,110962739.35700001
AWK,current,220015777.116
AXON,current,425047436.54550004
AXP,current,931421652.1919999
AZO,current,532905530.7175
BA,current,4106855331.0
BAC,current,2619490542.103
BALL,current,145539572.127
BAX,current,216460484.236
BBY,current,259484645.1835
BDX,current,418056501.262717
BEN,current,112751017.40900001
BF.B,current,108980444.192
BG,current,164471505.0405
BIIB,current,630337358.0805
BKNG,current,1167739787.598
BKR,current,419698279.96799994
BLDR,current,234232105.591
BLK,current,688430265.2314999
BMY,current,710318187.1515
BNY,current,399094102.06999993
BR,current,174578881.31599998
BRK.B,current,2230268249.8725
BRO,current,226326088.31599998
BSX,current,894724905.0
BX,current,622045220.596
BXP,current,106468357.7855
C,current,1601930107.829
CAH,current,382466731.7975
CARR,current,369888767.97
CASY,current,223235505.615
CAT,current,1753396592.025
CB,current,509571018.946
CBOE,current,226719487.0855
CBRE,current,237995375.0
CCI,current,273967114.282
CCL,current,736190010.8
CDNS,current,619238296.049
CDW,current,206960234.05855
CEG,current,893189236.9
CF,current,258250636.427
CFG,current,255802278.386
CHD,current,197193380.868
CHRW,current,248758919.927
CHTR,current,653982557.4660001
CI,current,483579321.2208
CIEN,current,1342611222.53125
CINF,current,95998959.81
CL,current,477824901.7626
CLX,current,264676239.897645
CMCSA,current,804800645.82751
CME,current,577653182.1175001
CMG,current,662299505.3271999
CMI,current,459333475.92635
CMS,current,187546706.7475
CNC,current,315198099.0
CNP,current,199594981.3488
COF,current,848824859.407
COHR,current,1101019755.3685002
COIN,current,2623989486.7121496
COO,current,167340141.0
COP,current,733485989.0
COR,current,406770622.75214994
COST,current,2083256049.8660002
CPAY,current,165907183.3405
CPRT,current,309562602.5
CPT,current,106611500.7268
CRH,current,485618877.7894
CRL,current,151918507.0
CRM,current,2140950969.468
CRWD,current,1302087345.5
CSCO,current,1993543248.105
CSGP,current,247998176.97305003
CSX,current,492579423.9345
CTAS,current,365718723.1365
CTSH,current,345720353.748
CTVA,current,270628023.964
CVNA,current,1055341292.0
CVS,current,576158588.02845
CVX,current,1487974483.134
D,current,302240138.39699996
DAL,current,716328109.903
DASH,current,831946329.5565001
DD,current,508119020.074695
DDOG,current,681098746.5
DE,current,669435028.7433
DECK,current,327490516.196
DELL,current,1064014683.225
DG,current,383871966.21765
DGX,current,176100827.669
DHI,current,452988164.25119996
DHR,current,766930386.0814
DIS,current,1459644638.026
DLR,current,327001631.46900004
DLTR,current,364958059.9295
DOC,current,127437788.57800001
DOV,current,200441452.72135
DOW,current,342344455.2483
DPZ,current,271287139.6129
DRI,current,238247153.33615
DTE,current,172613819.83650002
DUK,current,413591891.723125
DVA,current,109236110.20905
DVN,current,587951299.033
DXCM,current,358725936.5
EBAY,current,730827482.430495
ECHO,current,478912700.0
ECL,current,366158878.4895
ED,current,226772584.3158
EFX,current,273617049.981
EG,current,127779864.07549998
EIX,current,176719056.25050002
EL,current,364601423.723
ELV,current,630818152.4049001
EME,current,277806497.888
EMR,current,373852625.5765
EOG,current,439092351.75
EQIX,current,461786575.68050003
EQR,current,146318246.84925
EQT,current,442577918.15349996
ERIE,current,47502030.0125
ES,current,168629303.42400002
ESS,current,115422418.8
ETN,current,890204667.758795
ETR,current,261021088.82
EVRG,current,151423622.302
EW,current,354289068.4263
EXC,current,328120949.73539996
EXE,current,333797299.125
EXPD,current,165617021.6595
EXPE,current,394097403.846
EXR,current,150842096.62
F,current,868575693.0374999
FANG,current,321616685.276
FAST,current,288288174.5585
FCX,current,858660989.5752499
FDS,current,190951876.417
FDX,current,517899744.84793097
FDXF,current,
FE,current,196755442.8
FERG,current,326790008.324
FFIV,current,279066477.5
FICO,current,403370564.7975
FIS,current,419267406.554
FISV,current,638904220.3529999
FITB,current,330544085.934
FIX,current,501331038.0942
FLEX,current,258360029.271
FOX,current,74372848.972
FOXA,current,204984209.19102
FRT,current,72973978.54684001
FSLR,current,911288690.0
FTNT,current,492424612.0
FTV,current,190232208.130935
GD,current,406424020.73800004
GDDY,current,231705061.5
GE,current,1374199234.66
GEHC,current,259862771.962
GEN,current,137686169.4863
GEV,current,2035706100.5265002
GILD,current,876734260.0450001
GIS,current,298247401.3435
GL,current,83196207.3945
GLW,current,1188044453.2354999
GM,current,867989775.09063
GNRC,current,255155842.13
GOOG,current,6179005577.269
GOOGL,current,9323137982.0
GPC,current,153714003.461
GPN,current,307716543.17050004
GRMN,current,185244970.68949997
GS,current,1775256464.567
GWW,current,278265510.546
HAL,current,492611785.227
HAS,current,139520367.80150002
HBAN,current,427216689.7245
HCA,current,517414842.627
HD,current,1381315301.4675
HIG,current,191936422.7895
HII,current,147391183.4155
HLT,current,479384115.74250007
HON,current,588024382.5237601
HONA,current,
HOOD,current,3095486113.5345
HPE,current,539477588.224
HPQ,current,313662520.6685
HRL,current,97779840.64199999
HSIC,current,104432062.0
HST,current,147965433.91500002
HSY,current,312304943.28400004
HUBB,current,242110766.546745
HUM,current,510491007.91470003
HWM,current,489916291.58395004
IBKR,current,334894449.69350004
IBM,current,1346811741.1034
ICE,current,526400038.8000001
IDXX,current,321029366.04050004
IEX,current,121296563.037
IFF,current,160795026.0225
INCY,current,182992466.3391
INTC,current,4857439281.0
INTU,current,1268468332.0485
INVH,current,142163106.357
IP,current,216046690.39499998
IQV,current,307107470.0
IR,current,258095387.44
IRM,current,163087051.288
ISRG,current,956757228.3185
IT,current,275750662.47599995
ITW,current,307181375.32299995
IVZ,current,122246550.36649999
J,current,115085680.125
JBHT,current,200347984.514
JBL,current,292376542.0425
JCI,current,500270081.42702
JKHY,current,151419624.27999997
JNJ,current,1698968975.19715
JPM,current,2558665810.2869997
KDP,current,370324329.88825
KEY,current,325745424.0694
KEYS,current,287293422.58575
KHC,current,329176131.74
KIM,current,97774659.73945001
KKR,current,520279222.24549997
KLAC,current,1413198496.685
KMB,current,437176690.0565
KMI,current,362572927.9465
KO,current,1145728683.1274
KR,current,422679189.777
KVUE,current,454143449.97800004
L,current,112401557.95499998
LDOS,current,169279824.58499998
LEN,current,360708908.6325
LH,current,177147023.9673875
LHX,current,362296661.982
LII,current,222587033.6995
LIN,current,1057241447.4215
LITE,current,2527627507.234
LLY,current,2944717245.0210004
LMT,current,685869247.25995
LNT,current,140769206.5584
LOW,current,680952911.3138499
LRCX,current,2272327476.5085
LULU,current,640354101.0
LUV,current,386148071.934
LVS,current,626255135.122
LYB,current,285386432.10660005
LYV,current,367763412.5
MA,current,1644350219.1375
MAA,current,118060208.01200001
MAR,current,450371309.44159997
MAS,current,156847444.616
MCD,current,998908536.265
MCHP,current,610972864.306
MCK,current,601653690.5785
MCO,current,411799590.37950003
MDLZ,current,507048959.57235
MDT,current,673199618.0705
MET,current,260005001.539
META,current,8868755645.0635
MGM,current,322911560.508
MKC,current,182332836.27
MLM,current,270996452.598
MMM,current,489133948.17
MNST,current,398992405.5
MO,current,503914830.41699994
MOS,current,514619490.8615
MPC,current,447225871.1365
MPWR,current,669502198.3871
MRK,current,1085283154.8600001
MRNA,current,2368667349.5
MRSH,current,485683524.43799996
MRVL,current,1830440055.3575
MS,current,995316482.972
MSCI,current,328100506.71599996
MSFT,current,12151539493.779999
MSI,current,436031761.015
MTB,current,212376888.94073552
MTD,current,195708630.6615
MU,current,13594373009.028
NCLH,current,522611254.0
NDAQ,current,293637790.04760003
NDSN,current,86362755.4065
NEE,current,798636991.5899999
NEM,current,845516544.4045
NFLX,current,3823830274.0
NI,current,170243173.41000003
NKE,current,884147402.3894999
NOC,current,445153356.638
NOW,current,1770541496.0
NRG,current,356737525.326
NSC,current,378565566.63
NTAP,current,434055009.16
NTRS,current,143871492.685
NUE,current,332208288.87
NVDA,current,35393780277.7145
NVR,current,166971229.0545
NWS,current,32101465.875
NWSA,current,100360807.36
NXPI,current,634665106.947
O,current,328550002.0495
ODFL,current,336600726.48899996
OKE,current,296079073.2503
OMC,current,289651771.4465
ON,current,542821318.0
ORCL,current,4469069249.436
ORLY,current,514879092.0
OTIS,current,248385141.51
OXY,current,1209684777.13255
PANW,current,1224545825.5
PAYX,current,317328819.47150004
PCAR,current,323647632.2685
PCG,current,351547022.9965
PEG,current,209461490.972
PEP,current,1069073423.367
PFE,current,1082859762.803
PFG,current,114035411.4302
PG,current,1267663818.1550002
PGR,current,710809275.211
PH,current,559482264.425
PHM,current,220360336.61049998
PKG,current,158665874.54650003
PLD,current,417205721.555
PLTR,current,9214894263.0
PM,current,884628139.37
PNC,current,404787115.30799997
PNR,current,130759409.6475
PNW,current,107315188.8515
PODD,current,207762092.0
PPG,current,193465642.5
PPL,current,242715859.11395
PRU,current,182957596.4475
PSA,current,273440690.576
PSKY,current,517237110.61200005
PSX,current,371359987.354
PTC,current,163443441.0
PWR,current,535603320.2319
PYPL,current,1974889545.72
Q,current,227099704.55900002
QCOM,current,1457814470.0035
RCL,current,628969839.792
REG,current,90313253.5685
REGN,current,598029401.5845001
RF,current,371439851.97
RJF,current,188795055.6655
RL,current,192389466.8225
RMD,current,255033013.2225
ROK,current,308805750.35580003
ROL,current,143553186.057
ROP,current,417927475.26699996
ROST,current,458518514.0295
RSG,current,291943056.544
RTX,current,862420791.4411501
RVTY,current,122746407.252
SBAC,current,188759965.91772997
SBUX,current,787449986.1105
SCHW,current,845218666.872
SHW,current,613389473.7623999
SJM,current,174467493.58
SLB,current,641786339.2839999
SMCI,current,4204211079.0
SNA,current,114389654.269
SNDK,current,10225799894.6045
SNPS,current,863751884.2415
SO,current,473164229.2915
SOLV,current,105846381.3725
SPG,current,278045959.3085
SPGI,current,806690879.895945
SRE,current,301505851.764
STE,current,149416080.40399998
STLD,current,215218982.014
STT,current,257580073.21600002
STX,current,1420117350.855
STZ,current,349061714.6135
SW,current,202755889.05400002
SWK,current,185345276.50344998
SWKS,current,254079596.1595
SYF,current,244762300.89600003
SYK,current,669028347.182
SYY,current,245974477.871
T,current,1003612558.451
TAP,current,124145258.0835
TDG,current,410409254.473
TDY,current,181698306.4505
TECH,current,126461029.921
TEL,current,434440875.07850003
TER,current,798216615.1855
TFC,current,372774679.088
TGT,current,669502769.5186999
TJX,current,726911210.658
TKO,current,210401123.5815
TMO,current,1080412837.525
TMUS,current,1001607324.7885001
TPL,current,139690168.362
TPR,current,332647259.8764
TRGP,current,280460150.9972
TRMB,current,119415986.5
TROW,current,180979103.181
TRV,current,403204524.466
TSCO,current,293086651.332
TSLA,current,32455597930.5
TSN,current,174126661.64139998
TT,current,538953098.7530501
TTD,current,547524693.0
TTWO,current,383304585.5
TXN,current,1470217763.108
TXT,current,117350184.7092
TYL,current,183275514.907
UAL,current,987692507.5
UBER,current,1535335126.0
UDR,current,111250697.28940001
UHS,current,140841728.699
ULTA,current,341053791.735
UNH,current,3037210720.0465
UNP,current,756921714.5195
UPS,current,559841047.3127
URI,current,478899425.156
USB,current,464393039.4565
V,current,2148279452.0230002
VEEV,current,357095441.80550003
VICI,current,249123059.81199998
VLO,current,589348701.0205
VLTO,current,195106703.107
VMC,current,283968831.9749
VRSK,current,313472863.523
VRSN,current,616311175.5910001
VRT,current,1368554083.50305
VRTX,current,604123785.436
VST,current,859590673.52805
VTR,current,237401192.067
VTRS,current,280818457.6845
VZ,current,1076486184.249
WAB,current,195893162.506
WAT,current,247324124.2905
WBD,current,676429525.0
WDAY,current,626103326.0
WDC,current,2172633504.46
WEC,current,218696006.727
WELL,current,579235171.629
WFC,current,1282383270.1225
WM,current,403741112.00699997
WMB,current,429242242.3445
WMT,current,2221703218.9259996
WRB,current,135112446.597
WSM,current,250929951.87399998
WST,current,200039445.162
WTW,current,250613972.80900002
WY,current,125004624.62920499
WYNN,current,349717709.26250005
XEL,current,358194887.7832
XOM,current,2104028915.165
XYL,current,196614457.99150002
XYZ,current,1916689116.0
YUM,current,282646564.47099996
ZBH,current,186864339.81111002
ZBRA,current,171001134.109
ZTS,current,473974498.315
AA,departed,378952914.87869
AAL,departed,844068894.0
AAP,departed,148055310.62
ABK,departed,465.0
ACE,departed,240027688.81405002
ADCT,departed,8026815.0
ADS,departed,191911657.54799998
ADT,departed,80102738.8315
AET,departed,93134965.0
AGN,departed,116751655.32427502
AIV,departed,21941538.930575
ALK,departed,153132266.5
ALTR,departed,4027944.26315
AMG,departed,86047298.286
AMTM,departed,49953084.0
AN,departed,97667469.57229999
ANF,departed,215200604.7295
APC,departed,354423683.9043
ARG,departed,3405907.85
ATI,departed,210941438.501
AV,departed,
AYE,departed,14658132.56139
AYI,departed,109999396.40100001
BBBY,departed,141061033.119
BBWI,departed,186850505.681
BC,departed,52165558.860599995
BEAM,departed,63905013.2542
BHF,departed,57039286.0
BHI,departed,3519.1215999999995
BIG,departed,737746.819285
BIO,departed,95936159.05449998
BMS,departed,11729031.75559
BTU,departed,128638161.1415
BWA,departed,113465341.6175
CA,departed,97745710.00065449
CAG,departed,191585270.595
CAM,departed,1855763.8376000002
CBE,departed,3933.75
CCE,departed,96949.716935
CCK,departed,115057748.541
CDAY,departed,933447.92615
CE,departed,124228624.54800001
CFC,departed,70995.59999999999
CHK,departed,4597.5211706
CLF,departed,452351337.5
CMA,departed,158.609
CNX,departed,274059116.1504
COL,departed,6358202.091695
COTY,departed,85279890.38800001
COV,departed,198468.75
CPB,departed,162367873.135
CPRI,departed,219373242.5
CPWR,departed,8432.250317765
CSC,departed,2285.80185
CSRA,departed,4257635953.223
CTRA,departed,23944831784.39395
CVC,departed,12214738.045655001
CVG,departed,21362.230499999998
CVH,departed,68743849.657104
CZR,departed,238577531.5
DF,departed,706829.4375
DFS,departed,51524766.5498
DISH,departed,9897035.475
DV,departed,48040884.2544
DXC,departed,159148786.994
DYN,departed,34496279.0
EA,departed,435209245.30550003
EMC,departed,1566042.473
EMN,departed,102600205.58250001
ENPH,departed,807801028.4070001
EP,departed,487574.5
EPAM,departed,201573661.3836
ETSY,departed,493119702.5
FBHS,departed,95068663.0
FDC,departed,6117938.341
FDO,departed,6905.745510000001
FHN,departed,141330990.22399998
FII,departed,1737812.688975
FL,departed,727933.5
FLR,departed,214841304.597
FLS,departed,116480337.48750001
FLT,departed,193900642.227335
FMC,departed,93077472.38499999
FOSL,departed,108671294.013
FRC,departed,0.0
FRE,departed,75962118.66433501
FRX,departed,38043.0
FTI,departed,208085485.688
GENZ,departed,
GGP,departed,1067236834.5
GHC,departed,24785324.549999997
GME,departed,668746079.0
GNW,departed,153733489.5
GPS,departed,186828340.67000002
GR,departed,15100.0
GRA,departed,698184.0
GRN,departed,1358910.5
GT,departed,94629197.5072
HAR,departed,22931.408492425
HFC,departed,0.0
HOG,departed,93615917.743
HOT,departed,21870033.037554998
HP,departed,87940419.192
HRB,departed,69416854.97749999
HSP,departed,27816536.379079998
IGT,departed,74613500.262
ILMN,departed,356188018.18832
INFO,departed,235716035.497205
IPGP,departed,96946364.5
ITT,departed,131598113.43849999
JEF,departed,103194246.344
JNPR,departed,
JOY,departed,2277346.0
K,departed,134199742.039
KBH,departed,120482658.927
KG,departed,6515995.043025
KMX,departed,172600145.5
KSE,departed,3756931.0976
KSS,departed,149940041.493
LEG,departed,35530478.6135
LEH,departed,182.49999749999998
LIFE,departed,114217464.655
LKQ,departed,82994124.8685
LLL,departed,0.0
LNC,departed,76454526.2185
LSI,departed,103.49999700000001
LUMN,departed,135691690.4155
LW,departed,149752471.458
M,departed,251464946.62
MAC,departed,50303628.5545
MAT,departed,120933702.3915
MBC,departed,19098104.0
MBI,departed,97927121.07750002
MDP,departed,213190.0
MFE,departed,204249.73155000003
MHK,departed,165376771.029
MI,departed,8057937.5
MIL,departed,256465.87
MKTX,departed,114924391.4685
MMI,departed,5979898.707
MNK,departed,1472.26972
MOH,departed,231312107.0
MON,departed,11369.641757495001
MRO,departed,2477887010.291535
MTCH,departed,321299937.7435
MUR,departed,82361770.185375
NAVI,departed,27783880.505
NBL,departed,360000.0
NBR,departed,190176924.8084
NE,departed,59954715.9885
NFX,departed,
NKTR,departed,142662920.7118
NOV,departed,338012143.527335
NWL,departed,127941615.23700002
NYT,departed,118085122.8795
OGN,departed,52206072.153
OI,departed,85712953.793
PAYC,departed,173348200.54580003
PBI,departed,37185691.823
PCL,departed,4884.8915
PCS,departed,4946.2985
PENN,departed,386760703.5
PGN,departed,49934.0625
PLL,departed,4509.3364
POM,departed,7022354.999999999
POOL,departed,160694564.0205
PRGO,departed,165149218.85000002
PVH,departed,130664135.92480001
QRVO,departed,176416684.0
R,departed,69699597.34549999
RDC,departed,15301449.12661
RE,departed,6087.352421115
RHI,departed,69376528.4135
RHT,departed,894086.1499999999
RIG,departed,731414097.678
RRC,departed,146525137.8275
RSH,departed,8049.701
RX,departed,193824.1015
S,departed,125085870.0
SAI,departed,151231.23020891502
SBL,departed,937.158
SBNY,departed,95855.0
SE,departed,972249013.3034999
SEDG,departed,268691129.8655
SEE,departed,46687618.6875
SGP,departed,2185116.0
SHLD,departed,89375962.7184
SIG,departed,110463678.5625
SII,departed,18846266.464
SLE,departed,2534064.0
SLG,departed,51195017.125
SLM,departed,67711123.76775
SLR,departed,34606.0
SOLS,departed,138241339.1785
SPLS,departed,155961.224
STI,departed,507285.0
STJ,departed,2269535143.61462
STR,departed,391278.163255
SUN,departed,24464766.0999
SWN,departed,18525.645045
TDC,departed,102320469.5
TE,departed,90618265.0
TEG,departed,68272.3566
TFX,departed,97836885.294325
TGNA,departed,595.0
THC,departed,207815541.5
TIE,departed,5407.4055
TIF,departed,1913.422
TMC,departed,46942834.0
TRB,departed,11945088.51663
TRIP,departed,150597842.1525
TSG,departed,62555.0
TSS,departed,32267.16
TWC,departed,35856.109
UA,departed,62379721.755
UAA,departed,238827458.5
UNM,departed,96692153.136
URBN,departed,120634426.5
USL,departed,3120571.5
VFC,departed,157558330.3725
VNO,departed,128661796.85491
VNT,departed,67276874.727
WB,departed,152274893.109
WFR,departed,0.0
WHR,departed,115736908.43
WLTW,departed,190686746.81271
WU,departed,88991091.6575
WYN,departed,11584420.394480001
X,departed,35584777.166999996
XEC,departed,2702851.437
XL,departed,15819.9997035
XRAY,departed,96296745.93
XRX,departed,51426653.835999995
YHOO,departed,
ZION,departed,93154870.5845
