symbol,grp,bars,last,med_close,zero_vol,med_vol,n_big,maxret,tick_pct,suspect
A,current,6719,2026-08-07,26.73966,0.0,2706528.0,0,0.4722223978603066,0.03739763332817246,False
AA,departed,14270,2026-08-07,21.839489999999998,0.0,1240383.0,0,0.28218837621906734,0.04578861509984503,False
AAL,departed,5248,2026-08-07,16.675415,0.0,9103600.0,1,0.58736028260861,0.05996856839828519,False
AAP,departed,6211,2026-08-07,59.01426,0.0,1037800.0,1,0.5704249129329064,0.016945057008255295,False
AAPL,current,11505,2026-08-07,0.56647383,8.69187309865276e-05,195432700.0,1,0.3322804313047183,1.7653066161944324,True
ABBV,current,3420,2026-08-07,68.44545500000001,0.0,6178500.0,0,0.13767304261830904,0.014610174187581496,False
ABK,departed,2028,2026-08-07,224.95476,0.36587771203155817,1.0,0,0.34285714285714275,0.00444533825378934,True
ABNB,current,1420,2026-08-07,134.98,0.0,4638550.0,0,0.1742944275916647,0.007408504963698327,False
ABT,current,10921,2026-08-07,13.29494,0.0,6604576.0,0,0.1246630174478276,0.07521658615984728,False
ACE,departed,4869,2026-08-07,57.61469,0.00020538098172109262,41896.0,0,0.22975937631551058,0.01735668455388721,False
ACGL,current,7775,2026-08-07,9.5881,0.005273311897106109,1303200.0,0,0.390481191935379,0.10429595018825417,False
ACN,current,6300,2026-08-07,63.89484,0.0,2444200.0,0,0.16366814565971266,0.015650716280493047,False
ADBE,current,9927,2026-08-07,30.32385,0.0,4885400.0,0,0.32203244020920074,0.032977342916549184,False
ADCT,departed,1564,2026-08-07,4.09,0.0,353800.0,3,0.6310679611650485,0.24449877750611246,True
ADI,current,10595,2026-08-07,23.60539,0.0,2374000.0,0,0.20913413389544377,0.042363206030487106,False
ADM,current,10921,2026-08-07,11.42304,0.0,2430307.0,0,0.17337782031513083,0.08754237050732555,False
ADP,current,10921,2026-08-07,21.31047,0.0,1796576.0,0,0.17829724260819657,0.046925290713907296,False
ADS,departed,7157,2026-08-07,49.44214,0.01019980438731312,931667.0,0,0.21383720144863316,0.020225661753314073,False
ADSK,current,10355,2026-08-07,25.23,0.0,2167200.0,0,0.4038519691842466,0.03963535473642489,False
ADT,departed,2149,2026-08-07,6.89534,0.0,2823700.0,1,0.5656204289045903,0.14502548097700768,False
AEE,current,7193,2026-08-07,24.28337,0.0,1178700.0,0,0.17801370246627357,0.04118044571243613,False
AEP,current,14270,2026-08-07,11.240395,0.0,528600.0,0,0.19841658608674817,0.08896484559940508,False
AES,current,8842,2026-08-07,9.020798,0.0,3757400.0,0,0.41025281112066647,0.11085493766737711,False
AET,departed,7395,2026-08-07,53.0,0.22150101419878296,39275.0,3,0.7182130584192439,0.018867924528301886,True
AFL,current,10595,2026-08-07,12.41758,9.438414346389807e-05,2868000.0,1,0.7999917833615953,0.0805309891299271,False
AGN,departed,7996,2026-08-07,4.0873550000000005,0.014007003501750876,7512684.5,6,2.263988909852692,0.2446569970245611,True
AIG,current,12381,2026-08-07,68.26891,0.1470802035376787,276660.0,4,0.6599996265212589,0.014647956148706634,True
AIV,departed,8065,2026-08-07,1.18841,0.0,4089581.0,0,0.2755548397520786,0.8414604387374729,True
AIZ,current,5662,2026-08-07,54.165465,0.0,532550.0,0,0.21799865660461948,0.018461952821025154,False
AJG,current,10561,2026-08-07,15.40056,0.01041568033330177,409500.0,0,0.20187698449701852,0.0649327037458378,False
AKAM,current,6733,2026-08-07,51.029999,0.0,1979700.0,0,0.4569536423841061,0.019596316276627796,False
ALB,current,8169,2026-08-07,33.97705,0.0,679500.0,0,0.1912924966103593,0.029431631056845726,False
ALGN,current,6418,2026-08-07,48.144999,0.0,681450.0,0,0.4820512820512821,0.020770607424039696,False
ALK,departed,10986,2026-08-07,6.70104,0.0,1125950.0,0,0.3128505227394798,0.14923057136432413,False
ALL,current,8352,2026-08-07,31.91879,0.0,2163450.0,0,0.21686766017776038,0.03132950841808226,False
ALLE,current,3198,2026-08-07,93.80067,0.0,676050.0,0,0.12434551470814292,0.010660904702381704,False
ALTR,departed,6841,2026-08-07,0.57535422,0.01257126151147493,520473.0,2,0.37370128130628144,1.7380597295349638,True
AMAT,current,10561,2026-08-07,13.5071,9.46880030300161e-05,14924200.0,1,0.7531643821716847,0.0740351370760563,False
AMCR,current,3578,2026-08-07,47.98459,0.3831749580771381,519200.0,0,0.20344833177470178,0.020840023849323295,True
AMD,current,10933,2026-08-07,11.87337,0.00018293240647580719,9887600.0,2,1.0281706330334988,0.0842220869054026,False
AME,current,10595,2026-08-07,10.46926,0.0,753300.0,0,0.1671536371198552,0.0955177347778162,False
AMG,departed,7220,2026-08-07,99.423415,0.0,350350.0,0,0.23567583412666093,0.010057994046522523,False
AMGN,current,10561,2026-08-07,40.16916,9.46880030300161e-05,6070000.0,1,0.2536236442592079,0.024894720228155132,False
AMP,current,5256,2026-08-07,94.67102,0.0,987100.0,0,0.2780929379165731,0.010562894583499221,False
AMT,current,7155,2026-08-07,47.67217,0.0,2037700.0,0,0.3466644969932764,0.02097659913530263,False
AMTM,departed,469,2026-08-07,23.74,0.0,1846700.0,0,0.25633034670821964,0.04212299915754002,False
AMZN,current,7353,2026-08-07,10.209,0.0,96630000.0,0,0.3447136123348018,0.09795278675678325,False
AN,departed,8747,2026-08-07,22.12,0.0014862238481765176,846200.0,1,0.99999221468777,0.045207956600361664,False
ANET,current,3061,2026-08-07,17.1175,0.0,9174800.0,0,0.21814549529795846,0.05841974587410545,False
ANF,departed,7513,2026-08-07,24.61432,0.0,1841800.0,0,0.37540009144947417,0.04062675710724489,False
AON,current,10560,2026-08-07,28.39432,9.46969696969697e-05,862250.0,0,0.22089299454505595,0.03521831126788738,False
AOS,current,10566,2026-08-07,4.0371585,0.014575052053757335,698800.0,0,0.2469138078022748,0.24769897226431203,True
APA,current,11905,2026-08-07,17.073927,0.0,2303100.0,1,0.29466342148679336,0.05856883422308178,False
APC,departed,1946,2026-08-07,67.726855,0.0010277492291880781,4195534.5,1,0.3200853801911978,0.014765192444279995,False
APD,current,10921,2026-08-07,29.35508,0.0,898527.0,0,0.14654525335423507,0.0340656540537447,False
APH,current,8747,2026-08-07,3.96467,0.00022864982279638732,5662400.0,0,0.23679227866649533,0.2522278020617101,True
APO,current,3862,2026-08-07,25.602475,0.0,1375900.0,0,0.26237268508806544,0.0390587246594517,False
APP,current,1335,2026-08-07,74.76,0.0,3087200.0,0,0.4626520320379708,0.013376136971642588,False
APTV,current,3700,2026-08-07,70.97769500000001,0.0,2006387.5,0,0.20953800298062597,0.014088933164913638,False
ARE,current,7345,2026-08-07,46.48513,0.0005445881552076242,397000.0,0,0.18063222923238698,0.02151225563959916,False
ARES,current,3085,2026-08-07,32.35421,0.0,593948.0,0,0.18405995252773666,0.030907878758282152,False
ARG,departed,6131,2026-08-07,0.5992585,0.026912412330778013,144300.0,1,0.6666667294690758,1.6687289375119418,True
ATI,departed,6713,2026-08-07,26.34,0.0,1435800.0,0,0.3113596233078284,0.037965072133637055,False
ATO,current,10736,2026-08-07,13.635765,0.0005588673621460507,222850.0,0,0.15382153756040995,0.07333655376172463,False
AV,departed,65,2026-08-07,28.08,0.0,300.0,0,0.049753133308013675,0.03561253561253561,True
AVB,current,8155,2026-08-07,63.53612,0.0,542600.0,0,0.18075299513887133,0.01573907881060411,False
AVGO,current,4277,2026-08-07,19.39188,0.0,21428100.0,0,0.24432635609337905,0.05156797587443817,False
AVY,current,10743,2026-08-07,30.23958,0.0007446709485246207,413600.0,1,1.1562592605354745,0.0330692423638159,False
AWK,current,4602,2026-08-07,67.14701500000001,0.0,869300.0,0,0.16572678936823348,0.014892695293162977,False
AXON,current,6321,2026-08-07,16.98,0.0,709000.0,0,0.36802973977695186,0.058892815076560655,False
AXP,current,13659,2026-08-07,19.71124,0.0132513361153818,3929175.0,0,0.21882249404912257,0.0507324754809946,False
AYE,departed,118,2026-08-07,140.299995,0.00847457627118644,102507.5,0,0.11935161541023653,0.007127592150895805,False
AYI,departed,6209,2026-08-07,96.60792,0.0,320000.0,0,0.18218903830422373,0.010351118210598056,False
AZO,current,8902,2026-08-07,135.715,0.0,349050.0,0,0.19402985074626877,0.007368383481829756,False
BA,current,14271,2026-08-07,24.44593,0.0,2982800.0,0,0.2431860902255638,0.04090660490314748,False
BAC,current,10182,2026-08-07,16.54703,0.0005892751915144372,16007200.0,2,2.7706383739643563,0.06043381000797635,False
BALL,current,13479,2026-08-07,1.96744,0.001409600118703168,1427600.0,0,0.1618271954674222,0.5082747123165129,True
BAX,current,11240,2026-08-07,14.25642,0.0,3487590.5,0,0.1374980849600782,0.07014383695205388,False
BBBY,departed,8067,2026-08-07,24.5719,0.0,2877600.0,6,31.225913621262457,0.04069689360611105,False
BBWI,departed,11177,2026-08-07,4.77301,0.0,2733308.0,1,0.39040391497841864,0.2095113984676336,True
BBY,current,10406,2026-08-07,17.16465,0.0,3778060.0,0,0.2571429111599095,0.058259271234776124,False
BC,departed,11240,2026-08-07,16.0042708,8.896797153024912e-05,535200.0,1,0.5174178238380391,0.06248332163937141,False
BDX,current,13479,2026-08-07,14.31471,0.0003709473996587284,1119573.0,0,0.1787716255608418,0.06985820879361161,False
BEAM,departed,1634,2026-08-07,29.715,0.0,997550.0,0,0.25893854748603373,0.03365306100722938,False
BEN,current,9889,2026-08-07,15.39013,0.004651633127717666,2193100.0,2,20.615456460457825,0.0649767090986236,False
BF.B,current,9926,2026-08-07,9.63502,0.001309691718718517,844450.0,1,0.8459865116439587,0.1037880565349157,False
BG,current,6290,2026-08-07,49.42805,0.0,1043350.0,0,0.16811230383259979,0.02023142753033883,False
BHF,departed,2278,2026-08-07,47.33,0.0004389815627743635,658350.0,0,0.2929898142600358,0.021128248468201986,False
BHI,departed,1293,2026-08-07,50.72544,0.7525135344160866,0.0,0,0.09051724137931028,0.019713973895544325,True
BIG,departed,6823,2026-08-07,6.8635,0.008793785724754507,12805.0,1,0.3684210175438598,0.14569825890580607,True
BIIB,current,8785,2026-08-07,61.049999,0.0005691519635742744,1650600.0,0,0.4397393138681276,0.01638001664832132,False
BIO,departed,11706,2026-08-07,47.915,0.011105416025969587,54000.0,0,0.21052631578947367,0.020870293185913522,False
BKNG,current,6881,2026-08-07,17.64945,0.0,12305000.0,0,0.37215856825878957,0.056658989373606534,False
BKR,current,9909,2026-08-07,18.79598,0.00010091835704914725,2953600.0,0,0.28301808355851166,0.0532028657191591,False
BLDR,current,5311,2026-08-07,15.1,0.0,706000.0,1,0.6768115942028985,0.06622516556291391,False
BLK,current,6753,2026-08-07,176.13089,0.0,480200.0,0,0.1956094493573204,0.005677595792538152,False
BMS,departed,7299,2026-08-07,180.55303,0.16577613371694752,13328.0,2,99.0000244233286,0.005538539009841042,True
BMY,current,13658,2026-08-07,10.598815,7.32171621027969e-05,4801755.0,0,0.15878128594117968,0.09435017068416296,False
BNY,current,13429,2026-08-07,15.67437,0.0004467942512473006,2171990.0,0,0.24806523443625506,0.06379841741645757,False
BR,current,4876,2026-08-07,56.943304999999995,0.0,611450.0,0,0.13439448324977032,0.017561327313491398,False
BRK.B,current,7610,2026-08-07,82.725,0.0,2622400.0,0,0.19264064935064917,0.01208824422669255,False
BRO,current,10084,2026-08-07,8.1836,0.15093216977389926,839900.0,0,0.5,0.12219561381723047,True
BSX,current,8616,2026-08-07,16.02,0.0,6396950.0,0,0.2612859097127225,0.062421972534332085,False
BTU,departed,2350,2026-08-07,22.23106,0.0,2536500.0,0,0.39535237030329906,0.04498211062174425,False
BWA,departed,8302,2026-08-07,16.67091,0.0,1880307.5,0,0.2282774928930844,0.05998472788966099,False
BX,current,4812,2026-08-07,22.21327,0.0,3613200.0,0,0.3827985455473335,0.0450181358887439,False
BXP,current,7330,2026-08-07,54.45316,0.0,770000.0,0,0.23931641155378247,0.018364407574633704,False
C,current,12502,2026-08-07,36.565265,7.998720204767237e-05,1246405.0,1,0.5782494879660689,0.02734835915999699,False
CA,departed,6824,2026-08-07,16.20525,0.004542790152403282,2513643.5,0,0.13417389841101945,0.06170839767339242,False
CAG,departed,11694,2026-08-07,8.30653,0.0,1671800.0,0,0.1586921720229808,0.12038721343607846,False
CAH,current,9586,2026-08-07,36.397580000000005,0.005946171500104319,1756725.0,0,0.45882266319263443,0.02747435407191566,False
CAM,departed,211,2026-08-07,24.79,0.0,77700.0,0,0.004016056134173773,0.04033884630899557,False
CARR,current,1605,2026-08-07,50.78105,0.0,4647200.0,0,0.27409599783555993,0.019692385250009603,False
CASY,current,10783,2026-08-07,16.39766,0.0015765556895112678,215900.0,0,0.27065661779037375,0.06098431117610684,False
CAT,current,14271,2026-08-07,10.75039,0.0,2792000.0,0,0.14722941935295264,0.09301988113919589,False
CB,current,8400,2026-08-07,40.495464999999996,0.0,1355150.0,0,0.2075323502904216,0.02469412369255228,False
CBE,departed,3474,2026-08-07,300.0,0.6067933218192285,0.0,0,0.2649502546915006,0.0033333333333333335,True
CBOE,current,4062,2026-08-07,87.10565600000001,0.0,645850.0,0,0.13525000749099836,0.011480310837198707,False
CBRE,current,5575,2026-08-07,32.95,0.0,1959300.0,1,0.6399999999999999,0.030349013657056147,False
CCE,departed,4721,2026-08-07,35.56569,0.016521923321330227,1517.0,0,0.22662964229951132,0.028116985780396783,True
CCI,current,7036,2026-08-07,37.62477,0.0001421262080727686,1735700.0,0,0.312191203052822,0.02657824403936631,False
CCK,departed,10489,2026-08-07,29.29198,0.0,736900.0,0,0.45263474038820206,0.03413903737473534,False
CCL,current,9467,2026-08-07,22.6599,0.0,2901000.0,0,0.392909110057001,0.04413082140697885,False
CDAY,departed,268,2026-08-07,23.804805,0.0,38973.0,0,0.03390454799413556,0.04200833694602517,False
CDNS,current,9162,2026-08-07,17.49,0.0003274394237066143,1686000.0,1,3.2500131250328126,0.05717552887364209,False
CDW,current,3298,2026-08-07,105.0120717,0.0,794800.0,0,0.12379434037465109,0.009522714722264947,False
CE,departed,5420,2026-08-07,49.1105,0.0,1052950.0,0,0.22606365066563971,0.020362244345313123,False
CEG,current,1142,2026-08-07,182.539275,0.0,2390200.0,0,0.2515994443786309,0.0054782731645035025,False
CF,current,5280,2026-08-07,30.059546,0.0,3486550.0,0,0.19690530290907926,0.03326730217415792,False
CFC,departed,4799,2026-08-07,0.875,0.18274640550114607,2104.0,5,0.9589744594345875,1.1428571428571428,True
CFG,current,2985,2026-08-07,28.15129,0.0,4449100.0,0,0.1699599500773057,0.03552235084076076,False
CHD,current,10350,2026-08-07,6.95563,0.01613526570048309,971950.0,1,1.4999988782098619,0.1437684294228077,False
CHK,departed,6549,2026-08-07,1.36733,0.5684837379752634,0.0,1,0.5513101829226386,0.7313523436185851,True
CHRW,current,7246,2026-08-07,44.896455,0.0,1132550.0,0,0.215722146385398,0.02227347348974522,False
CHTR,current,4173,2026-08-07,279.89001,0.004313443565780014,1051100.0,0,0.1661960737811734,0.00357283205642102,False
CI,current,11178,2026-08-07,25.78369,0.0,1856400.0,0,0.2354000947372743,0.038784216238377134,False
CIEN,current,7420,2026-08-07,34.525,0.0,2150000.0,0,0.4147727272727273,0.028964533652131964,False
CINF,current,11693,2026-08-07,21.88448,0.0018814675446848542,376724.0,0,0.22034843972943907,0.045694483030896786,False
CL,current,12502,2026-08-07,15.717690000000001,0.0,3362750.0,0,0.19971083377350496,0.06362258071101258,False
CLF,departed,9793,2026-08-07,6.44249,0.003369753905851118,2668200.0,1,0.48157811384365967,0.1552194881171721,False
CLX,current,13479,2026-08-07,19.94501,7.418947993174568e-05,721300.0,0,0.1375000006696483,0.05013785402965454,False
CMA,departed,1101,2026-08-07,3.71045,0.8501362397820164,0.0,0,0.07874061802607635,0.2695090891940331,True
CMCSA,current,11693,2026-08-07,6.48412,0.0006841700162490379,11979529.0,1,0.5514216178919107,0.1542229323331462,False
CME,current,5954,2026-08-07,61.57433,0.0,1885200.0,0,0.16096878307506257,0.016240534162711852,False
CMG,current,5165,2026-08-07,9.4096,0.0,22230000.0,0,0.24440386427898209,0.10627444312191806,False
CMI,current,10498,2026-08-07,13.684190000000001,0.0008573061535530577,1055750.0,1,2.7177839835994124,0.0730770486771083,False
CMS,current,10482,2026-08-07,12.17008,9.540164090822362e-05,1310900.0,1,0.19512048479504185,0.08216872855396185,False
CNC,current,6201,2026-08-07,16.355,0.00016126431220770844,2540800.0,0,0.2657534246575344,0.06114338122898196,False
CNP,current,14271,2026-08-07,5.18637,0.0,959431.0,1,0.6296288005551482,0.19281308506720501,False
CNX,departed,6860,2026-08-07,17.795,0.0,2892100.0,0,0.28244274809160297,0.05619556498727349,False
COF,current,7983,2026-08-07,52.30417,0.0,2598700.0,0,0.2643013105519214,0.01911893449413307,False
COHR,current,9192,2026-08-07,13.045,0.03862053959965187,291700.0,3,0.7142861285645239,0.07665773452741932,False
COIN,current,1336,2026-08-07,191.830005,0.0,9147400.0,0,0.31114656057194456,0.005212949976682528,False
COL,departed,6213,2026-08-07,5.72295,0.007242877836793819,364068.0,2,20.013429929642164,0.17473505796835548,False
COO,current,10734,2026-08-07,9.45051,0.0,992200.0,2,0.7142804840721102,0.10581439685162664,False
COP,current,11240,2026-08-07,13.2809,0.0,4910450.0,0,0.2521384302039411,0.07529610229800486,False
COR,current,7889,2026-08-07,24.039793,0.0,1784627.0,0,0.19277062510587828,0.04159769595353837,False
COST,current,10098,2026-08-07,39.47188,0.0,2277450.0,0,0.19379820695181804,0.025334491288481826,False
COTY,departed,3308,2026-08-07,11.17,0.0,4804100.0,0,0.32153024911032024,0.08952551477170993,False
COV,departed,4455,2026-08-07,1.95,0.12682379349046016,3800.0,10,0.7777778199176963,0.5128205128205128,True
CPAY,current,600,2026-08-07,320.569995,0.0,471150.0,0,0.1370685414933417,0.0031194436158386765,False
CPB,departed,10355,2026-08-07,19.86612,0.0,1160700.0,0,0.1460664269423415,0.05033695558065692,False
CPRI,departed,3681,2026-08-07,46.22,0.0,2429800.0,1,0.5573533660791679,0.02163565556036348,False
CPRT,current,8152,2026-08-07,2.45312,0.0012266928361138372,4942400.0,0,0.21637357956373204,0.40764414296895385,True
CPT,current,8319,2026-08-07,30.81786,0.0,442100.0,0,0.22397273449975774,0.03244871642612433,False
CPWR,departed,4943,2026-08-07,0.57667702,0.5826421201699373,0.0,113,21.00000066000002,1.7340729131186814,True
CRH,current,9297,2026-08-07,14.2313,0.18479079272883725,64000.0,0,0.24725186780051311,0.07026764947685735,True
CRL,current,6569,2026-08-07,57.23,0.0,443200.0,0,0.18681223464171226,0.01747335313646689,False
CRM,current,5567,2026-08-07,68.6865,0.0,5740800.0,0,0.26044898823591,0.01455890167645753,False
CRWD,current,1799,2026-08-07,52.049999,0.0,13171600.0,0,0.17417345471969314,0.019212296238468707,False
CSC,departed,6604,2026-08-07,20.16581,0.7095699576014537,0.0,0,0.15946191124304243,0.04958888550330776,True
CSCO,current,9159,2026-08-07,15.46967,0.0,42877500.0,0,0.24388343692753933,0.06464262004296148,False
CSGP,current,7069,2026-08-07,7.9,0.0011317017965766021,1439000.0,0,0.40517241379310365,0.12658227848101267,False
CSRA,departed,1587,2026-08-07,539.089981,0.00315059861373661,539600.0,0,0.25000002088448126,0.0018549778983928105,False
CSX,current,11532,2026-08-07,1.63333,8.671522719389525e-05,13559400.0,0,0.23400206759024056,0.6122461474411173,True
CTAS,current,10826,2026-08-07,8.116495,0.004433770552373915,1841400.0,0,0.21338888880067208,0.12320589981785804,False
CTRA,departed,6405,2026-08-07,596.56352,0.05683060109289618,11614700.0,0,0.3333334094183773,0.0016762674325107912,False
CTSH,current,7077,2026-08-07,31.73179,0.0,4192600.0,0,0.294118565229607,0.031514137714890963,False
CTVA,current,1811,2026-08-07,52.42943,0.0,3438000.0,0,0.18865430561935215,0.019073257138214166,False
CVC,departed,583,2026-08-07,15.68945,0.0,510451.0,0,0.06186279898579761,0.06373709722138124,False
CVG,departed,5897,2026-08-07,13.33287,0.3596744107173139,300.0,0,0.19301478676567663,0.07500260634057035,True
CVH,departed,2187,2026-08-07,632.7626,0.012802926383173296,13647.0,0,0.3249546509933703,0.0015803715327043666,True
CVNA,current,2332,2026-08-07,16.515,0.0,11253750.0,1,0.5602060528010304,0.06055109437367811,False
CVS,current,13481,2026-08-07,10.28215,0.00022253542022105185,2792600.0,2,1.4458986494697417,0.09725592410147683,False
CVX,current,14272,2026-08-07,13.96794,0.0,3216900.0,0,0.22740693653549182,0.0715925184320089,False
CZR,departed,2987,2026-08-07,37.3,0.0,2007400.0,0,0.4415708812260537,0.026809651474530835,False
D,current,10543,2026-08-07,15.63414,9.484966328369534e-05,2035500.0,1,0.7083376712822445,0.06396258444660212,False
DAL,current,4847,2026-08-07,35.6193,0.0,9652900.0,0,0.26552448985560817,0.02807466738537815,False
DASH,current,1421,2026-08-07,139.11,0.0,3612400.0,0,0.2214910987964327,0.007188555819135935,False
DD,current,13659,2026-08-07,26.2947,7.321180174244088e-05,1553793.0,0,0.1843080648922224,0.038030477624768494,False
DDOG,current,1730,2026-08-07,109.455,0.0,3779000.0,0,0.31326968803356126,0.009136174702724794,False
DE,current,13661,2026-08-07,12.47314,0.0,1743400.0,0,0.1599745219072668,0.08017227418276392,False
DECK,current,8258,2026-08-07,7.0419445,0.004480503753935577,2672700.0,2,0.7499977499977499,0.14200625811084996,False
DELL,current,2507,2026-08-07,38.33409,0.0,4782500.0,0,0.32758247458833,0.02608644159806585,False
DF,departed,4944,2026-08-07,2.2316700000000003,0.0024271844660194173,24850.0,0,0.2037036925035156,0.4480950332956141,True
DFS,departed,2885,2026-08-07,175.43598,0.0,141990.0,0,0.23022845834004202,0.0057000850110678555,False
DG,current,4207,2026-08-07,79.37794,0.0,2294700.0,0,0.15848508952783602,0.012597958576400446,False
DGX,current,7456,2026-08-07,43.11184,0.0,1052800.0,0,0.14814874080423235,0.02319548411763304,False
DHI,current,8603,2026-08-07,16.015866,0.0013948622573520864,2948400.0,0,0.38000109156295614,0.06243808483412637,False
DHR,current,9763,2026-08-07,19.67747,0.0003072825975622247,2872565.0,1,4.583342826762058,0.05081954133331166,False
DIS,current,14271,2026-08-07,15.34171,0.0,6057780.0,0,0.19095423104482534,0.06518178221332563,False
DISH,departed,1962,2026-08-07,0.115,0.36799184505606525,459867.5,9,99.00000000000001,8.695652173913043,True
DLR,current,5477,2026-08-07,47.39605,0.0,1222400.0,0,0.2027027753959434,0.02109880464722271,False
DLTR,current,7908,2026-08-07,25.34,0.0,2551550.0,0,0.2186540908750656,0.03946331295991784,False
DOC,current,9761,2026-08-07,7.13002,0.00010244851961889151,1215815.0,0,0.22781181967173025,0.14025206100403645,False
DOV,current,10355,2026-08-07,18.59425,0.0,961011.0,0,0.15717290159072728,0.05378006641838203,False
DOW,current,1857,2026-08-07,40.69568,0.0,5155100.0,0,0.20909101303670874,0.024572632770849385,False
DPZ,current,5554,2026-08-07,95.18443500000001,0.0,544200.0,0,0.2560080693091211,0.010505919491567161,False
DRI,current,7864,2026-08-07,25.200955,0.0,1243800.0,0,0.313429303055035,0.039681035973541764,False
DTE,current,14271,2026-08-07,9.027946,0.0,499258.0,0,0.15624749267977767,0.11076716675088663,False
DUK,current,10920,2026-08-07,20.628284999999998,0.0,1923696.5,0,0.16157904529609968,0.048477127969627054,False
DV,departed,1331,2026-08-07,23.99,0.0,1463200.0,0,0.17716721932733304,0.041684035014589414,False
DVA,current,7742,2026-08-07,36.32,0.0,1091450.0,1,0.49999948727290255,0.02753304434376075,False
DVN,current,8768,2026-08-07,27.12362,0.004105839416058394,3425100.0,3,1.7199976128567136,0.03686823513970481,False
DXC,departed,11240,2026-08-07,16.31639,0.0,1615650.0,0,0.42075753421535533,0.06128806678438062,False
DXCM,current,5363,2026-08-07,15.8825,0.00018646280067126608,2412000.0,1,0.5025125628140705,0.06296237997796317,False
DYN,departed,1479,2026-08-07,14.91,0.0,565900.0,0,0.4117990654205608,0.0670690811535882,False
EA,departed,9160,2026-08-07,29.982975,0.0004366812227074236,3471700.0,0,0.2837846090279854,0.033352260959476174,False
EBAY,current,7010,2026-08-07,18.35501,0.0,23385542.0,0,0.46383660571306695,0.05448103870652906,False
ECHO,current,4679,2026-08-07,27.70664,0.0,267900.0,1,0.7024765729585007,0.03609243127279237,False
ECL,current,9776,2026-08-07,31.708075,0.0005114566284779051,827600.0,1,1.2857125583040405,0.03153770789209026,False
ED,current,14271,2026-08-07,10.17839,0.0,578700.0,0,0.18013818637384582,0.09824736525128237,False
EFX,current,11693,2026-08-07,23.97032,0.0017959462926537245,462800.0,0,0.14940559945369492,0.041718258246030926,False
EG,current,7762,2026-08-07,66.256655,0.0,306621.5,0,0.2190946344072986,0.015092823699969149,False
EIX,current,11745,2026-08-07,11.22546,8.514261387824607e-05,1299600.0,0,0.3533334747270511,0.08908320906225668,False
EL,current,7729,2026-08-07,38.58627,0.0,1722000.0,0,0.18470903831725582,0.025915954042720377,False
ELV,current,6232,2026-08-07,78.756315,0.0,1977478.0,0,0.18413584588667886,0.012697511447530048,False
EMC,departed,810,2026-08-07,26.53226,0.0,11100.0,0,0.08200274836423493,0.037689966966463415,True
EME,current,7947,2026-08-07,26.51308,0.013590033975084938,337100.0,0,0.19315076115723184,0.03771723240000785,False
EMN,departed,8217,2026-08-07,19.92179,0.0,1078400.0,0,0.20906321799015104,0.050196292602220985,False
EMR,current,13658,2026-08-07,13.808685,7.32171621027969e-05,1989050.0,0,0.16334017016378333,0.07241819206251726,False
ENPH,departed,3609,2026-08-07,16.79,0.0,2100100.0,0,0.4244461040577545,0.05955926146515784,False
EOG,current,9278,2026-08-07,26.071128,0.0,3335500.0,0,0.20406081842072354,0.038356621760179496,False
EP,departed,4155,2026-08-07,5.28,0.0,1042.0,60,4.090909090909092,0.1893939393939394,True
EPAM,departed,3645,2026-08-07,136.72,0.0,355100.0,0,0.25186637381383137,0.007314218841427736,False
EQIX,current,6535,2026-08-07,147.46186,0.0,467000.0,1,0.5494739328027605,0.006781414529831645,False
EQR,current,8303,2026-08-07,17.12158,0.0,1431465.0,0,0.23550398074598178,0.05840582469608528,False
EQT,current,9762,2026-08-07,14.47677,0.0001024380249948781,1531048.0,1,1.6657305167908212,0.06907618204889628,False
ERIE,current,7763,2026-08-07,47.016029,0.002576323586242432,41100.0,0,0.29752066363302454,0.02126934199398252,False
ES,current,10567,2026-08-07,11.15706,9.463423866754992e-05,717500.0,0,0.4999978422513087,0.0896293467992464,False
ESS,current,8097,2026-08-07,67.073128,0.0,247300.0,0,0.14870870453329887,0.014909100407543242,False
ETN,current,13658,2026-08-07,8.70221,7.32171621027969e-05,1326500.0,0,0.23264672151554078,0.11491333810606731,False
ETR,current,11694,2026-08-07,10.247959999999999,0.0,1766275.0,0,0.1906468180979235,0.09758040062535403,False
ETSY,departed,2845,2026-08-07,57.0099983,0.0,2606100.0,0,0.3060011883541296,0.017540782841945816,False
EVRG,current,9817,2026-08-07,10.46706,0.0005093205663644698,524700.0,2,1.1376794152298668,0.09553781099945925,False
EW,current,6631,2026-08-07,14.25833,0.0,4097300.0,0,0.17932148626817446,0.07013444070939584,False
EXC,current,11746,2026-08-07,6.17821,8.513536523071684e-05,3346714.0,0,0.38912738623002996,0.1618591793192501,False
EXE,current,1379,2026-08-07,79.5529,0.0,1853900.0,0,0.0977208267717391,0.012570251995841763,False
EXPD,current,10547,2026-08-07,21.98077,0.008059163743244524,1089600.0,0,0.18277119011081755,0.04549431161874675,False
EXPE,current,5295,2026-08-07,91.96727,0.0,1935200.0,1,0.28517473549541594,0.010873433559569616,False
EXR,current,5530,2026-08-07,48.060865500000006,0.0,774650.0,0,0.24480589272151443,0.020806961557322527,False
F,current,13658,2026-08-07,4.346355,0.0,10141867.0,0,0.295180178541099,0.23007784751208324,True
FANG,current,3473,2026-08-07,77.31831,0.0,1618800.0,0,0.3096201737906916,0.012933547047264743,False
FAST,current,9815,2026-08-07,2.36435,0.0011207335710646969,6914800.0,0,0.18603318742084718,0.4229492249455453,True
FBHS,departed,3741,2026-08-03,46.77896,0.0,1183499.0,0,0.15888484324512153,0.021377131941368515,False
FCX,current,7822,2026-08-07,15.581955,0.0,12617900.0,0,0.29684654834340307,0.06417679988810901,False
FDC,departed,6605,2026-08-07,85.37555,0.01968205904617714,15242.0,0,0.19935714521841974,0.011712955289892715,True
FDO,departed,4630,2026-08-07,15.581795,0.4572354211663067,25.0,0,0.4099281565270563,0.06417745869063736,True
FDS,current,7575,2026-08-07,77.9824,0.0013201320132013201,262100.0,0,0.17968782104442949,0.012823406307064158,False
FDX,current,12181,2026-08-07,31.73754,0.0,1654998.0,0,0.1552772894674581,0.0315084281894564,False
FDXF,current,51,2026-08-07,152.25999,0.0,1328900.0,0,0.22516556291390732,0.006567713553639404,False
FE,current,7229,2026-08-07,22.22729,0.0,2442700.0,0,0.17689765104341726,0.04498974008977253,False
FERG,current,4173,2026-08-07,59.071308,0.4982027318475917,95.0,0,0.3241053939950771,0.016928692352639288,True
FFIV,current,6836,2026-08-07,101.91499999999999,0.0,1050500.0,0,0.3970588235294119,0.009812101174889239,False
FHN,departed,9164,2026-08-07,11.0484565,0.0006547359231776517,1555300.0,1,0.6293109029028972,0.0905103807534511,False
FICO,current,9171,2026-08-07,33.5721,0.05986261040235525,195600.0,0,0.31578906372658455,0.029786638309787,False
FII,departed,6827,2026-08-07,14.17031,0.005126702797714955,15414.0,0,0.281645949715041,0.0705700863283866,True
FIS,current,6320,2026-08-07,41.0055945,0.0,1694800.0,0,0.2726536450031447,0.02438691812811327,False
FISV,current,10042,2026-08-07,11.01875,0.0016928898625771759,3191700.0,0,0.18055396368165,0.09075439708399893,False
FITB,current,9327,2026-08-07,18.8193,0.018012222579607592,3384900.0,3,0.603660038911277,0.05313693920602786,False
FIX,current,7323,2026-08-07,13.42512,0.0,163710.0,0,0.300452068436895,0.07448722990930436,False
FL,departed,6359,2026-08-07,0.38999999,0.1055197358075169,25000.0,9,1.2692306923076924,2.5641026298487852,True
FLEX,current,8151,2026-08-07,8.44009,0.000368052999631947,5625684.0,0,0.39688958009331254,0.11848214888703795,False
FLR,departed,6457,2026-08-07,38.61113,0.0,1640200.0,1,0.7617647058823531,0.025899267905394117,False
FLS,departed,9177,2026-08-07,17.88408,0.001961425302386401,873000.0,1,1.3249950301504207,0.05591565235673292,False
FLT,departed,3931,2026-08-07,199.96001,0.0,535781.0,0,0.15945026065227696,0.00500099994993999,False
FMC,departed,10355,2026-08-07,9.0028616,0.0,871500.0,0,0.22543335513504137,0.11107579394533847,False
FOSL,departed,8390,2026-08-07,12.65,0.00011918951132300358,555650.0,4,0.877212389380531,0.07905138339920949,False
FOX,current,1862,2026-08-07,31.880834999999998,0.0,1135481.0,0,0.1324689611264207,0.031366807053873604,False
FOXA,current,1863,2026-08-07,33.72323,0.0,3331000.0,0,0.12376676181383806,0.029653150068958405,False
FRC,departed,3769,2026-07-17,958.47215,0.915362165030512,0.0,2,0.5217813581389588,0.001043327132666296,True
FRE,departed,7097,2026-08-07,21.8925,0.01803578977032549,718665.0,1,0.5000006176461504,0.04567774351947014,False
FRT,current,13429,2026-08-07,7.23074,0.019882344180504878,81700.0,0,0.3290293078729425,0.13829843141919085,False
FRX,departed,5925,2026-08-07,9.45,0.20759493670886076,500.0,16,2.8999999999999995,0.10582010582010583,True
FSLR,current,4959,2026-08-07,73.64,0.0,2216300.0,0,0.455251425471471,0.013579576317218903,False
FTI,departed,6323,2026-08-07,18.10351,0.0,3682500.0,0,0.24784686736608585,0.05523790690313647,False
FTNT,current,4204,2026-08-07,10.864,0.0,6582250.0,0,0.2530012542555098,0.09204713124914363,False
FTV,current,2538,2026-08-07,48.74225,0.0,2602323.0,0,0.18828816923118308,0.020516082415425154,False
GD,current,12503,2026-08-07,22.38083,0.00015996160921378868,1182400.0,0,0.19999999999999996,0.044681095383861995,False
GDDY,current,2856,2026-08-07,73.845,0.00035014005602240897,1168350.0,0,0.3074999999999999,0.013541878320598031,False
GE,current,14271,2026-08-07,36.14141,0.0,3709657.0,0,0.19703116140158228,0.027669092047045204,False
GEHC,current,762,2026-08-07,76.330895,0.0,3010700.0,0,0.1215099048510373,0.013100855439174204,False
GEN,current,9163,2026-08-07,8.061554,0.0006548073774964531,6667300.0,0,0.2777779852348643,0.12404556243126327,False
GENZ,departed,87,2026-08-07,36.31,0.0,1700.0,0,0.04529035843289786,0.027540622418066645,True
GEV,current,591,2026-08-07,482.16553,0.0,2766500.0,0,0.15624501917922418,0.0020739765449429787,False
GGP,departed,5080,2026-08-07,33.5,0.047637795275590554,381626.0,11,1.1244635193133048,0.029850746268656716,False
GHC,departed,9357,2026-08-07,298.77129,0.01720636956289409,19800.0,1,2.637860343156449,0.003347041812484727,True
GILD,current,8697,2026-08-07,14.30597,0.00045992871104978727,10377600.0,0,0.24747733839301556,0.06990088753156899,False
GIS,current,11694,2026-08-07,11.0636665,0.0,2544000.0,0,0.13522989692657172,0.09038595079756637,False
GL,current,11555,2026-08-07,5.12768,0.0,580500.0,3,0.20174898105422656,0.1950199700449326,False
GLW,current,11240,2026-08-07,9.68185,0.0,4578700.0,0,0.21644511713608838,0.10328606379095975,False
GM,current,4344,2026-08-07,29.929305,0.09023941068139964,11565513.5,3,78.51161214892473,0.03341206890554896,False
GME,departed,6160,2026-08-07,4.50475,0.0,9271000.0,10,1.348357886200838,0.22198790209692992,True
GNRC,current,4147,2026-08-07,52.38,0.0,606200.0,0,0.25390554879098826,0.019091256204658263,False
GNW,departed,5586,2026-08-07,6.81,0.0,4286350.0,6,0.8888889308641983,0.14684287812041116,False
GOOG,current,5527,2026-08-07,30.85387,0.0,44802000.0,0,0.19991557024244,0.03241084505768644,False
GOOGL,current,5527,2026-08-07,32.36248,0.0,50325624.0,0,0.1999153155884803,0.030899980471212344,False
GPC,current,10920,2026-08-07,19.726480000000002,0.0,465431.5,0,0.20918694119362624,0.0506932821959066,False
GPN,current,6428,2026-08-07,28.0530035,0.0,1287800.0,0,0.2167656669442959,0.03564687125787841,False
GPS,departed,10355,2026-08-07,10.54759,0.0,4130998.0,1,0.5450471771449104,0.0948083875084261,False
GR,departed,4322,2026-08-07,0.89999998,0.24895881536325776,900.0,21,7.0,1.1111111358024697,True
GRA,departed,2142,2026-08-07,2.38,0.0,53450.0,0,0.280193236714976,0.4201680672268908,True
GRMN,current,6452,2026-08-07,31.203560000000003,0.0,997950.0,0,0.2384104087392218,0.032047626777517206,False
GRN,departed,1712,2026-08-07,28.45,0.0040887850467289715,2100.0,37,4.668763102725367,0.0351493848857645,True
GS,current,6858,2026-08-07,131.03014100000001,0.0,3197000.0,0,0.2646780098855346,0.007631831851233672,False
GT,departed,14271,2026-08-07,12.042038,0.0,953400.0,0,0.2141638225255973,0.08304242188905234,False
GWW,current,10560,2026-08-07,44.857960000000006,0.001893939393939394,315700.0,1,0.5624997740950248,0.022292588790497486,False
HAL,current,13658,2026-08-07,10.084835,0.0001464343242055938,4608900.0,0,0.2652681653544646,0.09915881108342219,False
HAR,departed,3464,2026-08-07,0.14,0.4405311778290993,3503.0,214,20.5540005,7.142857142857142,True
HAS,current,10555,2026-08-07,13.46289,0.006252960682141166,902000.0,2,2.228698698682712,0.07427825674873673,False
HBAN,current,9186,2026-08-07,8.97846,0.002939255388634879,4872800.0,3,0.6726463607594937,0.11137767501330964,False
HCA,current,3876,2026-08-07,105.004685,0.0,1818800.0,0,0.22559827948026823,0.009523407237657693,False
HD,current,11310,2026-08-07,21.651,0.0,5514231.5,0,0.3292882415241907,0.046187243211509244,False
HFC,departed,2494,2026-08-07,0.40000001,0.8091419406575782,0.0,5,1.599999913698631,2.4999999375000015,True
HIG,current,7710,2026-08-07,37.05925499999999,0.0,1756850.0,3,1.0235777948729905,0.026983812841162757,False
HII,current,3868,2026-08-07,172.56940500000002,0.0,316300.0,0,0.14087019047325922,0.005794769946600937,False
HLT,current,3181,2026-08-07,91.8296,0.0,2031600.0,0,0.14050775922417902,0.010889734900293588,False
HOG,departed,9761,2026-08-07,27.51221,0.0,1610400.0,0,0.2698830237910259,0.036347498074491294,False
HON,current,14271,2026-08-07,7.38028,0.00014014434867913952,1995866.0,0,0.4022378312317514,0.13549621423577424,False
HONA,current,38,2026-08-07,214.4749965,0.0,2847400.0,0,0.34975005000000015,0.004662753991580015,False
HOOD,current,1262,2026-08-07,20.105,0.0,15911150.0,1,0.5040598290598293,0.049738898614287395,False
HOT,departed,7174,2026-08-07,38.58272,0.01463618622804572,104319.0,0,0.18503122847609021,0.02591833920327187,False
HP,departed,11545,2026-08-07,9.44318,0.0,775900.0,0,0.28025462865459594,0.10589653061786389,False
HPE,current,2716,2026-08-07,12.868385,0.0,11936400.0,0,0.2504606568317287,0.07770983020145508,False
HPQ,current,14271,2026-08-07,3.27918,0.0,6822700.0,1,0.7469923381498431,0.3049542873523259,True
HRB,departed,10011,2026-08-07,10.11526,0.0001997802417340925,1835400.0,2,3.084218258391199,0.09886053349098295,False
HRL,current,9252,2026-08-07,5.93436,0.0037829658452226546,1311150.0,2,3.1648070405639297,0.16851016919738457,False
HSIC,current,7739,2026-08-07,24.8902,0.0,1194600.0,0,0.19111103051843248,0.040176454990317474,False
HSP,departed,5228,2026-08-07,340.38526,0.01262433052792655,24435.5,0,0.2127236556954497,0.002937847753807024,False
HST,current,10921,2026-08-07,8.93879,0.0,1767501.0,1,0.3002866898166372,0.11187196477375574,False
HSY,current,11694,2026-08-07,20.7038,0.0,784183.5,0,0.25280049542704264,0.04830032062743082,False
HUBB,current,13536,2026-08-07,17.094082,0.4107565011820331,82800.0,1,8.859299368975918,0.0584997778763434,True
HUM,current,11240,2026-08-07,26.065808,0.0,875950.0,1,0.20312752158871872,0.03836443512512638,False
HWM,current,2454,2026-08-07,31.65918,0.01426242868785656,2768550.0,0,0.2635524099899835,0.03158641506191885,False
IBKR,current,4846,2026-08-07,7.58164,0.0004127115146512588,2333000.0,0,0.1612024164714314,0.13189758419689096,False
IBM,current,14271,2026-08-07,26.14349,0.00021021652301870928,4838796.0,0,0.13163620900612538,0.03825044016694022,False
ICE,current,5212,2026-08-07,44.392215,0.0,3164561.5,0,0.4077675757265413,0.022526473029396348,False
IDXX,current,8845,2026-08-07,25.945,0.0,595200.0,1,0.2749375499472513,0.03854307188282906,False
IEX,current,9344,2026-08-07,23.575945,0.001819349315068493,265675.0,0,0.1428576305964735,0.04241611820614043,False
IFF,current,11240,2026-08-07,22.98915,0.0,360750.0,0,0.17182426293740938,0.04349878094666397,False
IGT,departed,9159,2026-08-07,11.28732,0.0,2370900.0,0,0.34347242701573855,0.08859498977613818,False
ILMN,departed,6545,2026-08-07,74.35,0.0,1115380.0,0,0.4632526198448974,0.013449899125756557,False
INCY,current,8244,2026-08-07,18.365000000000002,0.00012130033964095099,1050600.0,0,0.4942706666666665,0.05445140615975417,False
INFO,departed,2814,2026-08-07,43.137015000000005,0.0014214641080312722,1386427.0,1,0.2841408617475365,0.02318194978065731,False
INTC,current,11693,2026-08-07,15.48381,8.552125203112974e-05,45715200.0,0,0.26378085688610486,0.06458358763120964,False
INTU,current,8409,2026-08-07,29.19696,0.0,2383700.0,0,0.3407952643897805,0.034250141110581375,False
INVH,current,2392,2026-08-07,27.145384999999997,0.0,3076350.0,0,0.12461303213240127,0.03683867983172181,False
IP,current,14271,2026-08-07,12.94056,0.0,1704153.0,0,0.21883539987687084,0.07727640843982023,False
IPGP,departed,4942,2026-08-07,81.93,0.0,288250.0,0,0.37035962565096137,0.012205541315757353,False
IQV,current,3332,2026-08-07,145.22999499999997,0.0,997400.0,0,0.17878704209945617,0.0068856311029579075,False
IR,current,2322,2026-08-07,49.194320000000005,0.0,2066100.0,0,0.1604276809558003,0.020327553332795765,False
IRM,current,7678,2026-08-07,10.93031,0.0007814535035165407,1127422.0,0,0.20053808460488765,0.0914887686922067,False
ISRG,current,6574,2026-08-07,53.8,0.0,2357100.0,0,0.323227285920233,0.018587363765394816,False
IT,current,8266,2026-08-07,32.62207,0.0,411700.0,0,0.43145161290322576,0.03065409399219608,False
ITT,departed,7710,2026-08-07,16.90535,0.0,1241556.5,0,0.24330764663485205,0.05915287174144701,False
ITW,current,9847,2026-08-07,28.21825,0.008733624454148471,1245500.0,1,1.5162854817063205,0.03543805870314424,False
IVZ,current,7788,2026-08-07,12.87968,0.001027221366204417,2610000.0,0,0.2805105118230691,0.07764168055554323,False
J,current,11693,2026-08-07,14.903,0.006670657658428119,571843.0,0,0.33333430865812486,0.06710058377507884,False
JBHT,current,9182,2026-08-07,24.801845,0.0025049008930516227,803650.0,1,1.0652358966960036,0.04031958617978611,False
JBL,current,8374,2026-08-07,19.178199999999997,0.0008359207069500836,1613900.0,0,0.36482680665185074,0.052142537361313746,False
JCI,current,9789,2026-08-07,29.6477,0.0,3360900.0,1,0.45818226619896474,0.03372942926432742,False
JEF,departed,9814,2026-08-07,11.93985,0.012023639698390055,733870.5,3,1.4500074248159667,0.08375314597754578,False
JKHY,current,9249,2026-08-07,20.26003,0.018488485241647746,376500.0,1,0.5686315984246015,0.04935826847245538,False
JNJ,current,14271,2026-08-07,17.57279,0.0,5773700.0,0,0.12229176610278691,0.056906160034917615,False
JNPR,departed,2,2026-08-07,254.5,0.0,3415133.5,0,-0.03929129278538934,0.003930851615540584,False
JOY,departed,2967,2026-08-07,2.32,0.00977418267610381,42000.0,3,0.6666667777777826,0.4310344827586208,True
JPM,current,10734,2026-08-07,22.427395,0.0,8715375.0,0,0.2509674916072,0.044588327684119244,False
K,departed,7931,2026-08-07,8.043712,0.00012608750472828143,2683400.0,2,2.268422660881256,0.1243207116316447,False
KBH,departed,9771,2026-08-07,13.33647,0.0025585917511001944,1405800.0,0,0.3762119123699381,0.07498236039971597,False
KDP,current,4592,2026-08-07,26.508195,0.0,2312150.0,1,0.2239414859609712,0.037724183144599924,False
KEY,current,11688,2026-08-07,7.96218,0.0,1381800.0,1,0.5425279003143979,0.12559374648790284,False
KEYS,current,2967,2026-08-07,104.87,0.0,973500.0,0,0.23053065306122456,0.009535615523982072,False
KG,departed,4592,2026-08-07,130.21686,0.00043554006968641115,11090.0,0,0.4404431160659479,0.007679497109667673,True
KHC,current,2790,2026-08-07,31.0089291,0.0,6187000.0,0,0.19491523716470072,0.03224877640806241,False
KIM,current,8737,2026-08-07,10.1232,0.0,2106400.0,0,0.3368793686493594,0.09878299351983562,False
KKR,current,4041,2026-08-07,20.63455,0.0,2627900.0,0,0.1805405374480089,0.04846240892096024,False
KLAC,current,11550,2026-08-07,0.110344585,0.0011255411255411255,14219000.0,1,1.3675759848829325,9.06252007167256,True
KMB,current,10490,2026-08-07,29.37034,0.0,1525335.5,0,0.10743829691882034,0.034047954501037446,False
KMI,current,3894,2026-08-07,15.035955,0.0,11910800.0,0,0.16772500400818968,0.0665072487913139,False
KMX,departed,7423,2026-08-07,30.99,0.0,1599700.0,0,0.48275862068965525,0.032268473701193935,False
KO,current,14271,2026-08-07,11.25066,0.0,9460800.0,0,0.19371698606691123,0.08888367437999192,False
KR,current,12502,2026-08-07,6.8097,7.998720204767237e-05,4565300.0,1,0.2974664399352507,0.14684934725465146,False
KSE,departed,5151,2026-08-07,45.47639,0.0013589594253543,6290.0,2,0.5502134287032765,0.021989432318616317,True
KSS,departed,8615,2026-08-07,25.14759,0.0,2949500.0,0,0.4253016436734507,0.03976524191781399,False
KVUE,current,818,2026-08-07,18.99445,0.0,16978900.0,0,0.14678421380361728,0.05264695904811192,False
L,current,9848,2026-08-07,29.0712085,0.00040617384240454913,1183350.0,2,2.09122018269809,0.0343982970297199,False
LDOS,current,4982,2026-08-07,36.914405,0.0,809466.5,0,0.15006867471899388,0.027089695943837724,False
LEG,departed,9787,2026-08-07,10.24327,0.0027587616225605393,684900.0,1,0.8557617020490553,0.09762507480521357,False
LEH,departed,3583,2026-08-07,1.52,0.6237789561819704,0.0,91,5.300000226000005,0.6578947368421052,True
LEN,current,11693,2026-08-07,13.1969,0.0010262550243735568,1560818.0,1,0.31659412801161335,0.07577537148875872,False
LH,current,9156,2026-08-07,58.536255,0.001419833988641328,698167.5,0,0.2777797131236772,0.01708343008032204,False
LHX,current,11240,2026-08-07,14.656035,0.0,702424.0,0,0.20089267224261986,0.06823129029571832,False
LIFE,departed,3970,2026-08-07,7.00099993,0.043828715365239294,226608.0,5,23.99258380302581,0.1428367390370764,False
LII,current,6798,2026-08-07,49.010767,0.0,313800.0,0,0.17876261611053512,0.020403679868956144,False
LIN,current,8595,2026-08-07,78.70842,0.0,1371800.0,0,0.14862156541006044,0.012705121002301915,False
LITE,current,2777,2026-08-07,59.93,0.0,1258700.0,0,0.23566574644298144,0.01668613382279326,False
LKQ,departed,5746,2026-08-07,23.837004999999998,0.0,1577400.0,0,0.22014397774250805,0.04195158050056304,False
LLL,departed,1543,2026-08-07,0.12,0.8548282566429034,0.0,16,2.000000139999997,8.333333333333334,True
LLY,current,13658,2026-08-07,24.506954999999998,7.32171621027969e-05,2697100.0,0,0.16538254172503009,0.04080474381476194,False
LMT,current,12501,2026-08-07,25.49965,7.999360051195904e-05,1169400.0,0,0.1903334846879572,0.039216224536415205,False
LNC,departed,10540,2026-08-07,20.358445,0.0,1021100.0,0,0.436699668757359,0.04911966508496734,False
LNT,current,9721,2026-08-07,7.88929,0.0,771400.0,0,0.15026711101957768,0.12675411855819727,False
LOW,current,10355,2026-08-07,16.77697,0.0,5214400.0,0,0.18435821343080638,0.05960551875577057,False
LRCX,current,10647,2026-08-07,2.52833,9.392317084624777e-05,17691000.0,0,0.3823641778668114,0.39551799013578137,True
LSI,departed,5753,2026-08-07,0.064999998,0.9203893620719624,0.0,3,1.692307782991171,15.384615857988178,True
LULU,current,4788,2026-08-07,72.0499995,0.0,1810400.0,0,0.21150592216582065,0.013879250884069494,False
LUMN,departed,9761,2026-08-07,9.61287,0.0,1213700.0,1,0.9305019305019306,0.10402720519470253,False
LUV,current,11745,2026-08-07,10.23608,0.0,4051100.0,0,0.18697979628669148,0.09769364834975891,False
LVS,current,5445,2026-08-07,42.38164,0.0,4874700.0,1,0.7999980785673799,0.023595122793738047,False
LW,departed,2447,2026-08-07,60.47025,0.0,1278300.0,0,0.16310771972287474,0.016537057478677532,False
LYB,current,4095,2026-08-07,53.58837,0.0,2719800.0,0,0.19541555858776083,0.01866076538622093,False
LYV,current,5188,2026-08-07,26.37,0.0,1256500.0,0,0.32446808510638325,0.037921880925293895,False
M,departed,8687,2026-08-07,13.35565,0.0,4859400.0,0,0.21173770027005157,0.07487467850684916,False
MA,current,5082,2026-08-07,91.78531000000001,0.0,4498400.0,0,0.20846312513468956,0.010894989651513457,False
MAA,current,8185,2026-08-07,29.024591,0.0,288800.0,0,0.23047618726762553,0.034453543204105784,False
MAC,departed,8157,2026-08-07,15.19089,0.0,767300.0,0,0.3177411821750338,0.06582892773234486,False
MAR,current,7139,2026-08-07,34.31934,0.0,2121600.0,0,0.1948205587369205,0.029138089485403862,False
MAS,current,10875,2026-08-07,10.7894,0.0,1797000.0,0,0.18256518675123345,0.09268355979016442,False
MAT,departed,11240,2026-08-07,12.037289000000001,8.896797153024912e-05,1966500.0,1,0.7058837546766237,0.0830751841618704,False
MBC,departed,917,2026-08-07,12.28,0.0,1016900.0,0,0.20779220779220786,0.08143322475570033,False
MBI,departed,9849,2026-08-07,7.32076,0.0001015331505736623,580500.0,1,0.8184280005254974,0.13659783956856938,False
MCD,current,14271,2026-08-07,12.44156,0.0,3717900.0,0,0.1812545217256809,0.0803757728130556,False
MCHP,current,8404,2026-08-07,12.48813,0.00011899095668729176,4658250.0,0,0.2705150378919836,0.08007604020778131,False
MCK,current,7987,2026-08-07,64.85663,0.0,1244500.0,0,0.1652067920671887,0.015418624125243635,False
MCO,current,7995,2026-08-07,38.4193,0.00150093808630394,1079900.0,0,0.18571691190550954,0.026028584591598496,False
MDLZ,current,6325,2026-08-07,27.98877,0.0,6858300.0,0,0.11280682206182191,0.03572861544112156,False
MDP,departed,3031,2026-08-07,3.825,0.0,10200.0,0,0.4782608695652173,0.261437908496732,True
MDT,current,11244,2026-08-07,27.602495,0.0004446816079686944,4123800.0,1,2.069990126798074,0.03622860912151791,False
MET,current,6624,2026-08-07,26.75146,0.0,4624042.5,0,0.27999992216467806,0.03738113747600613,False
META,current,3575,2026-08-07,175.5691,0.0,20603000.0,0,0.2961146980081306,0.005695763092708228,False
MFE,departed,4752,2026-08-07,35.717625,0.546506734006734,0.0,0,0.10368143884525693,0.02799738367929909,True
MGM,current,9404,2026-08-07,14.24026,0.020735857082092725,2795800.0,0,0.48089315807212674,0.07022343693162905,False
MHK,departed,8648,2026-08-07,75.02000050000001,0.000578168362627197,481800.0,0,0.2956107879428873,0.013329778873608113,False
MI,departed,2688,2026-08-07,46.249999,0.05766369047619048,1031.0,12,95.42857634839675,0.021621849524322893,True
MIL,departed,1310,2026-08-07,45.004999999999995,0.21221374045801528,1722.0,0,0.1879968203497615,0.02221975363499469,True
MKC,current,9225,2026-08-07,12.34041,0.0018428184281842818,1077200.0,1,3.3973588548044464,0.08103458475042563,False
MKTX,departed,5472,2026-08-07,87.95596499999999,0.0,213150.0,0,0.3294794828752208,0.011369326627204503,False
MLM,current,8171,2026-08-07,77.23702,0.00036715212336311344,374900.0,0,0.17441491731809133,0.012947159276730251,False
MMI,departed,3210,2026-08-07,31.0525455,0.0,124850.0,0,0.284574455306444,0.03220347922748457,False
MMM,current,14271,2026-08-07,16.8108,0.0,2337582.0,0,0.2299061812013492,0.05948556880100887,False
MNK,departed,3849,2026-08-07,52.19183,0.8313847752663029,0.0,0,0.13846135628477207,0.01916008693314643,True
MNST,current,8767,2026-08-07,3.31083,0.03615832097638873,4924800.0,2,0.7777541480081531,0.30203906573276185,True
MO,current,14271,2026-08-07,6.32328,7.007217433956976e-05,6420800.0,1,0.16375316783388283,0.15814577244721095,False
MOH,departed,5812,2026-08-07,48.44,0.0,448100.0,0,0.2639279684862128,0.020644096668411868,False
MON,departed,3516,2026-08-07,0.54599998,0.35381114903299204,796.0,49,6.9999999198717955,1.831501898589813,True
MOS,current,9706,2026-08-07,21.0451585,0.0,1933400.0,0,0.21456021124590463,0.04751686715737506,False
MPC,current,3802,2026-08-07,43.596355,0.0,5032600.0,0,0.206285423780048,0.0229376976685843,False
MPWR,current,5462,2026-08-07,49.46873,0.0,329600.0,0,0.23429780284680235,0.020214790309480767,False
MRK,current,14271,2026-08-07,14.64795,0.0,6435139.0,0,0.13032949716013675,0.06826893865694517,False
MRNA,current,1926,2026-08-07,76.555,0.0,5680100.0,0,0.27810650887573973,0.01306250413775358,False
MRO,departed,4641,2026-08-07,50.4248,0.00021547080370609782,7886793.0,16,45.9611650485437,0.019831511478478846,False
MRSH,current,13479,2026-08-07,16.30861,7.418947993174568e-05,1243200.0,1,0.1443081399943289,0.061317304172458585,False
MRVL,current,6564,2026-08-07,14.72954,0.0,9426450.0,0,0.3252063260247473,0.06789078273999052,False
MS,current,8422,2026-08-07,29.791784999999997,0.0,6759300.0,1,0.8698367064790951,0.0335663006071167,False
MSCI,current,4710,2026-08-07,87.50918999999999,0.0,502600.0,0,0.18034979905525383,0.011427371991622876,False
MSFT,current,10179,2026-08-07,22.74705,0.0,48410600.0,0,0.1956519929356777,0.04396174448994485,False
MSI,current,12502,2026-08-07,32.708510000000004,7.998720204767237e-05,1691428.0,0,0.19135804745545548,0.03057308327543016,False
MTB,current,11563,2026-08-07,41.69341,0.0,282400.0,0,0.25641328952957565,0.02398460572066425,False
MTCH,departed,8446,2026-08-07,8.14063,0.00023679848448969926,3820090.5,1,0.5291278013325256,0.12284061579742227,False
MTD,current,7225,2026-08-07,170.44,0.0,149600.0,0,0.22683757910108704,0.005867167331612298,False
MU,current,9376,2026-08-07,15.60365,0.0,14644300.0,0,0.2344316634583783,0.06408756925462952,False
MUR,departed,10921,2026-08-07,13.45243,0.0,1185329.0,0,0.26172282486529697,0.07433601215542471,False
NAVI,departed,3095,2026-08-07,10.23847,0.0,1674500.0,0,0.2560009224968556,0.09767084339749983,False
NBL,departed,1214,2026-08-07,86.0,0.4942339373970346,1200.0,1,0.20000007380073792,0.011627906976744186,True
NBR,departed,9128,2026-08-07,449.31859,0.022348816827344433,97331.0,7,2.3333332640926874,0.002225592313017808,False
NCLH,current,3408,2026-08-07,30.985,0.0,3730800.0,0,0.4219234746639091,0.03227368165369574,False
NDAQ,current,6065,2026-08-07,11.82153,0.0031327287716405605,2963500.0,0,0.26103210977416547,0.08459141921561762,False
NDSN,current,11692,2026-08-07,12.127984999999999,0.01471091344509066,160800.0,0,0.19696368791593644,0.08245393061234564,False
NE,departed,1297,2026-08-07,30.77198,0.0,1283100.0,0,0.14967490110628057,0.03249709638443805,False
NEE,current,10877,2026-08-07,4.98526,0.00018387423002666178,5835200.0,0,0.41089140488042064,0.20059134327998943,True
NEM,current,10921,2026-08-07,26.14723,0.0,4176500.0,0,0.25173918795955386,0.03824496896994442,False
NFLX,current,6091,2026-08-07,5.58,0.0,89495000.0,0,0.4222378892850849,0.17921146953405018,False
NFX,departed,24,2026-08-07,22.97,0.0,200.0,0,0.05529300567107742,0.04353505396299767,True
NI,current,10531,2026-08-07,3.65808,9.495774380400722e-05,2446509.0,0,0.17335263197088402,0.2733674495910423,True
NKE,current,11513,2026-08-07,5.8091,8.685833405715279e-05,9128000.0,0,0.16666878632245297,0.172143705565406,False
NKTR,departed,8121,2026-08-07,180.3,0.009112178303164634,60967.0,4,1.5628930817610063,0.005546311702717692,False
NOC,current,11240,2026-08-07,29.867469999999997,0.0,786400.0,0,0.23769372256109844,0.03348124308526432,False
NOV,departed,7490,2026-08-07,19.0998595,0.0,3495900.0,0,0.2733339354101729,0.05235640616243093,False
NOW,current,3546,2026-08-07,52.414,0.0,7100500.0,0,0.15487887011682488,0.019078872751561362,False
NRG,current,5706,2026-08-07,21.4499,0.0001752541184717841,3014900.0,0,0.29386533337226606,0.04662026708505251,False
NSC,current,11135,2026-08-07,19.14196,0.0,1189600.0,0,0.1795928147593122,0.05224125429161904,False
NTAP,current,7727,2026-08-07,26.73601,0.00012941633234114146,3516000.0,0,0.40928726286688666,0.037402738852955246,False
NTRS,current,9198,2026-08-07,39.31085,0.0042400521852576645,978850.0,2,0.7989091876126264,0.025438269587149606,False
NUE,current,11693,2026-08-07,8.16486,0.0,1635600.0,0,0.27772354554092016,0.12247607429888574,False
NVDA,current,6928,2026-08-07,0.46330997,0.0,480062000.0,0,0.42414759370224697,2.158382221522582,True
NVR,current,10341,2026-08-07,522.79999,0.0013538342520065757,29300.0,2,26.333333333333332,0.0019127773893033169,False
NWL,departed,9885,2026-08-07,11.48768,0.0035407182599898838,1628000.0,3,1.198472985395206,0.08704977854536339,False
NWS,current,761,2026-08-07,28.81912,0.0,790300.0,0,0.09658671144948427,0.03469918581830396,False
NWSA,current,3304,2026-08-07,14.98096,0.0,2659700.0,0,0.1355742155612829,0.06675139643921352,False
NXPI,current,4025,2026-08-07,92.22623,0.0,2424400.0,0,0.25547983173499467,0.010842902284957327,False
NYT,departed,13429,2026-08-07,10.81863,0.002233971256236503,508800.0,0,0.24344576511250682,0.0924331454167487,False
O,current,8004,2026-08-07,14.569905,0.0,988501.5,0,0.21577763272643624,0.0686346783815079,False
ODFL,current,8758,2026-08-07,4.3291699999999995,0.046243434574103674,1255247.0,0,0.33750225028803804,0.23099116583622922,True
OGN,departed,1314,2026-08-07,18.11023,0.0,2373800.0,0,0.3093020493435532,0.05521741027032787,False
OI,departed,8725,2026-08-07,17.07271,0.0,979700.0,0,0.32123492541789234,0.05857300920591986,False
OKE,current,11555,2026-08-07,3.066293,0.0,855965.0,0,0.33311636038581005,0.32612669435047464,True
OMC,current,9179,2026-08-07,25.45803,0.0022878309184006973,1579700.0,1,0.746034377251833,0.03928033708814076,False
ON,current,6606,2026-08-07,9.64,0.0,5543600.0,1,0.5555555555555556,0.1037344398340249,False
ORCL,current,10180,2026-08-07,14.828425,0.0,29004250.0,0,0.4387107134884709,0.06743809455084131,False
ORLY,current,8380,2026-08-07,2.5856649999999997,0.00023866348448687351,7920000.0,0,0.20201944732168364,0.386747709693993,True
OTIS,current,1605,2026-08-07,78.22887,0.0,2144400.0,0,0.11453845630435144,0.012783004535282179,False
OXY,current,11240,2026-08-07,11.575925000000002,0.0,3355004.0,1,0.3369777724409737,0.0863863133778724,False
PANW,current,3532,2026-08-07,36.6175,0.0,6834100.0,0,0.18600529533770338,0.027309347769543937,False
PAYC,departed,3097,2026-08-07,174.33147,0.0,529400.0,0,0.23552631578947358,0.005736198977729035,False
PAYX,current,9165,2026-08-07,22.82885,0.0006546644844517185,1987600.0,1,3.13849568782575,0.043804221412817555,False
PBI,departed,13658,2026-08-07,5.648235,0.00043930297261678136,755350.0,1,0.8100928743963329,0.17704651000999078,False
PCAR,current,10101,2026-08-07,13.42967,0.000297000297000297,2562600.0,0,0.38650257957714995,0.07446199348159709,False
PCG,current,13659,2026-08-07,12.45636,7.321180174244088e-05,1007700.0,2,0.7459319182856436,0.08028027449431455,False
PCL,departed,259,2026-08-07,48.99762,0.22007722007722008,100.0,0,0.011591365226108374,0.02040915456709938,True
PCS,departed,259,2026-08-07,49.21709,0.16988416988416988,100.0,0,0.004940832827149189,0.020318145587234028,True
PEG,current,11745,2026-08-07,8.98451,0.0,1570400.0,0,0.17126786648392844,0.11130267538240818,False
PENN,departed,8104,2026-08-07,8.453,0.0008637709772951629,2373161.0,0,0.34795918367346945,0.1183012243264753,False
PEP,current,13659,2026-08-07,16.086062,7.321180174244088e-05,3826800.0,0,0.16143527548056857,0.06216561890660375,False
PFE,current,13658,2026-08-07,8.102754000000001,7.32171621027969e-05,14887012.0,0,0.10855185215423147,0.12341487395705056,False
PFG,current,6237,2026-08-07,31.72594,0.000320666987333654,1329300.0,0,0.4076250590870789,0.03151994866030762,False
PG,current,14271,2026-08-07,16.77052,0.0,5171200.0,0,0.2219942607343044,0.059628443244455154,False
PGN,departed,6474,2026-08-07,8.59405,0.13515600864998456,873.5,2,1.263157894736842,0.11635957435667701,True
PGR,current,10179,2026-08-07,11.26121,0.007957559681697613,2623100.0,2,0.9020584468683908,0.08880040421944001,False
PH,current,10355,2026-08-07,31.51356,0.0,762900.0,0,0.18419437576366526,0.031732371715540865,False
PHM,current,10368,2026-08-07,9.574625000000001,0.001253858024691358,2152250.0,2,2.9403033285218365,0.1044427327475486,False
PKG,current,6671,2026-08-07,32.50881,0.0,655200.0,0,0.2011483765632398,0.030760892201221766,False
PLD,current,7220,2026-08-07,27.803535,0.0,1929450.0,0,0.26339565717915137,0.035966649699778364,False
PLL,departed,5943,2026-08-07,40.60326,0.7711593471310786,0.0,1,0.5564235144121195,0.02462856430739798,True
PLTR,current,1470,2026-08-07,23.575,0.0,46516200.0,0,0.30801435406698574,0.042417817390531444,False
PM,current,4628,2026-08-07,56.014765,0.0,5073850.0,0,0.1321087604942821,0.017852435871149333,False
PNC,current,9590,2026-08-07,34.33484,0.004171011470281543,1426250.0,1,2.2054791277897667,0.0291249356946113,False
PNR,current,13429,2026-08-07,7.70326,0.003946682552684488,510429.0,0,0.2452838632715959,0.12981516916214692,False
PNW,current,10596,2026-08-07,21.294780000000003,9.437523593808984e-05,502650.0,1,0.9069782093092202,0.046959865346168556,False
PODD,current,4839,2026-08-07,43.52,0.0,427900.0,0,0.3258426966292136,0.022977941176470586,False
POM,departed,208,2026-08-07,0.37100000499999997,0.0,535900.0,4,13.896552237812147,2.695437336725384,True
POOL,departed,7754,2026-08-07,32.16183,0.0045137993293783854,272750.0,0,0.2696260345544861,0.031092758635379133,False
PPG,current,10921,2026-08-07,18.11302,0.0,1174000.0,0,0.14834814887173975,0.05520890497553694,False
PPL,current,10414,2026-08-07,11.593824999999999,0.0,1883347.5,0,0.1480001292756543,0.08625281264241624,False
PRGO,departed,8721,2026-08-07,22.25089,0.0,711700.0,0,0.23098330241187393,0.04494202254381735,False
PRU,current,6201,2026-08-07,47.86409,0.0,2157800.0,0,0.3825073431720871,0.02089248954696517,False
PSA,current,11522,2026-08-07,17.395789999999998,0.0008679048776254123,284800.0,0,0.20283688272221267,0.05748531398899761,False
PSKY,current,5200,2026-08-07,29.392339999999997,0.0,6847150.0,0,0.3673657407407407,0.03402247839124929,False
PSX,current,3601,2026-08-07,65.84727,0.0,2889100.0,0,0.2217225686149762,0.015186658459796437,False
PTC,current,9159,2026-08-07,28.35,0.0,892100.0,0,0.2755681818181819,0.03527336860670194,False
PVH,departed,9869,2026-08-07,33.012152,0.0027358394974161516,469000.0,2,2.5049456132522936,0.030291875549343164,False
PWR,current,7165,2026-08-07,26.42674,0.0,1156700.0,1,0.2825284236305665,0.037840460079449835,False
PYPL,current,2790,2026-08-07,74.15213,0.0,9287600.0,0,0.17204982056153706,0.013485789342453241,False
Q,current,196,2026-08-07,116.136551,0.0,1949800.0,0,0.09866872478012279,0.008610557210287886,False
QCOM,current,8723,2026-08-07,31.84938,0.0,13091200.0,0,0.3871098427364221,0.03139778545139654,False
QRVO,departed,2916,2026-08-07,83.505,0.0,1298650.0,0,0.2322537164040055,0.011975330861447982,False
R,departed,11745,2026-08-07,17.83435,0.0,353800.0,0,0.17025738790003864,0.05607156975163098,False
RCL,current,8377,2026-08-07,32.091807,0.0,1553000.0,0,0.28786051752773534,0.031160601208900452,False
RDC,departed,2281,2026-08-07,83.099998,0.010960105217010083,62730.0,0,0.173699303564113,0.012033694633783265,False
RE,departed,1917,2026-08-07,0.53453326,0.207094418362024,3700.0,1,0.6666666592787178,1.8707909775343072,True
REG,current,8248,2026-08-07,27.912255000000002,0.0009699321047526673,499850.0,0,0.34977985133609835,0.035826557218417536,False
REGN,current,8902,2026-08-07,25.4267,0.0,482750.0,3,0.7544908617953399,0.03932873861147988,False
RF,current,9176,2026-08-07,10.17623,0.0018526591107236269,5082350.0,1,0.7534258643750147,0.09826821917350531,False
RHI,departed,8905,2026-08-07,18.93422,0.022122403144300955,844700.0,2,0.750002372558481,0.05281442805671425,False
RHT,departed,5121,2026-07-17,0.49000001,0.3276703768795157,4340.0,17,1.5,2.0408162848813003,True
RIG,departed,8355,2026-08-07,23.21882,0.0,4659056.0,1,0.5060240963855422,0.04306851080287456,False
RJF,current,9746,2026-08-07,12.484960000000001,0.005745947055202134,707769.0,2,0.819999031937628,0.08009637291918584,False
RL,current,7334,2026-08-07,73.14896,0.0,731833.5,0,0.19800667885330814,0.013670734468335853,False
RMD,current,7847,2026-08-07,25.26424,0.0012743723716069836,767000.0,0,0.2739363387584617,0.039581637919842434,False
ROK,current,11240,2026-08-07,30.16002,0.0,621900.0,1,0.2268917301292781,0.033156476686686545,False
ROL,current,9724,2026-08-07,2.50239,0.0,811013.0,0,0.1923095027395454,0.3996179845298271,True
ROP,current,8681,2026-08-07,52.46646,0.0003455823061859233,378400.0,0,0.25532971115159775,0.01905979553413743,False
ROST,current,10098,2026-08-07,6.23238,0.0,4079450.0,0,0.23382480357235425,0.16045235225570284,False
RRC,departed,9508,2026-08-07,13.229849999999999,0.09591922591501893,1329100.0,4,0.6666666666666665,0.07558673641196473,False
RSG,current,7069,2026-08-07,22.60243,0.0,1152200.0,0,0.24183089435261707,0.04424303050601197,False
RSH,departed,6615,2026-08-07,23.46671,0.4672713529856387,18.0,0,0.232878662831016,0.04261355767382816,True
RTX,current,14271,2026-08-07,7.59962,0.00014014434867913952,4454444.0,0,0.15757182646433998,0.1315855266447533,False
RVTY,current,10973,2026-08-07,18.040517,0.00018226556092226375,548100.0,2,2.888890071555018,0.055430783940393726,False
RX,departed,6476,2026-08-07,1.28608,0.27177269919703523,3000.0,61,4.000000159788194,0.7775566061209257,True
S,departed,1282,2026-08-07,20.12,0.0,4689250.0,0,0.16599999999999993,0.049701789264413515,False
SAI,departed,1160,2026-08-07,0.164999995,0.013793103448275862,561802.0,31,3.895238211791386,6.06082886202466,True
SBAC,current,6829,2026-08-07,63.7337,0.0,844443.0,0,0.455356467584491,0.015690286300654128,False
SBL,departed,4355,2026-08-07,2.79289,0.8275545350172215,0.0,0,0.42272204299862404,0.3580520536075535,True
SBNY,departed,489,2026-08-07,0.75,0.05112474437627812,15000.0,1,0.5595238652210903,1.3333333333333335,True
SBUX,current,8588,2026-08-07,11.85661,0.0,11334650.0,0,0.24496947909345246,0.08434114192607312,False
SCHW,current,9794,2026-08-07,13.70053,0.0,6174740.5,0,0.26170361563379907,0.07298988094152127,False
SE,departed,2210,2026-08-07,73.375,0.0,3845850.0,0,0.3604803493449782,0.013628634341186708,False
SEDG,departed,2859,2026-08-07,48.99,0.0,1013600.0,0,0.28912633563796364,0.020412329046744233,False
SEE,departed,6230,2026-08-07,4.55,0.2884430176565008,564076.0,4,0.9375,0.21978021978021978,True
SGP,departed,126,2026-08-07,23.105,0.0,86950.0,0,0.1503614457831326,0.04328156903883258,False
SHLD,departed,537,2026-08-07,59.84173,0.0,814000.0,0,0.07638889673564608,0.01671074683168418,False
SHW,current,10356,2026-08-07,11.84263,9.656237929702588e-05,1592850.0,1,3.066226101380093,0.08444071625339974,False
SIG,departed,9065,2026-08-07,24.63077,0.08659680088251517,133200.0,4,0.6919999529728571,0.040599623966282826,False
SII,departed,4141,2026-08-07,10.69041,0.1221927070755856,13700.0,0,0.22613040437121512,0.09354178183998556,True
SJM,current,7995,2026-08-07,39.64152,0.0016260162601626016,505100.0,0,0.2031676113308274,0.025226076093954015,False
SLB,current,11240,2026-08-07,21.52469,0.0,6088850.0,0,0.19907964375417309,0.04645827727705646,False
SLE,departed,1873,2026-08-07,6489.6001,0.0,53.0,5,1.5945121951219514,0.0001540926997951692,True
SLG,departed,7289,2026-08-07,42.72557,0.0,596900.0,0,0.4084508204458932,0.0234051880407915,False
SLM,departed,10803,2026-08-07,4.93294,0.0,2605303.0,0,0.35197531566837137,0.202718865423054,True
SLR,departed,6166,2026-08-07,1.04,0.13217645150827118,5000.0,0,0.47727268181818183,0.9615384615384616,True
SMCI,current,4871,2026-08-07,2.292,0.0,2945000.0,0,0.3593629591574621,0.4363001745200699,True
SNA,current,10411,2026-08-07,21.88765,0.0005763135145519162,245600.0,2,1.4045767084658305,0.04568786507459686,False
SNDK,current,372,2026-08-07,204.855005,0.0,9447650.0,0,0.28649386084583894,0.004881529933166858,False
SNPS,current,8673,2026-08-07,27.175,0.0,981700.0,0,0.19387755102040827,0.03679852805887764,False
SO,current,11240,2026-08-07,11.60526,0.0,2583532.5,0,0.1877363140999293,0.08616782445389339,False
SOLS,departed,3482,2026-08-07,0.35930501,0.538483630097645,0.0,40,459998.975953576,2.783150727567089,True
SOLV,current,594,2026-08-07,72.34,0.0,1091350.0,0,0.09543786051389613,0.013823610727121925,False
SPG,current,8217,2026-08-07,42.92625,0.0,1216946.0,0,0.27869377143945506,0.02329576890597245,False
SPGI,current,13479,2026-08-07,15.44725,0.0003709473996587284,1093361.0,0,0.23842277016219926,0.06473644176147858,False
SPLS,departed,140,2026-08-07,51.47726,0.0,2200.0,0,0.0319700506566305,0.019426056893614922,True
SPY,other,8438,2026-08-07,96.781375,0.0,62956000.0,0,0.1451976476628245,0.01033256657194803,False
SRE,current,7071,2026-08-07,21.69611,0.0,2331500.0,0,0.1553781713261344,0.046091211742565835,False
STE,current,8607,2026-08-07,23.53957,0.0,406900.0,0,0.19480483756224798,0.04248165960550681,False
STI,departed,1071,2026-08-07,29.7,0.17553688141923435,7584.0,9,3.5059523809523814,0.03367003367003367,True
STJ,departed,9185,2026-08-07,180.080207,0.04442025040827436,707009.0,0,0.2704952012210715,0.00555308113345294,False
STLD,current,7472,2026-08-07,13.322885,0.0,2124300.0,0,0.22822128702409872,0.07505883027424705,False
STR,departed,4740,2026-08-07,109.16,0.39472573839662445,79.0,0,0.20058565153733543,0.009160864785635764,True
STT,current,10104,2026-08-07,31.145205,0.0005938242280285036,1716700.0,3,1.811714820682531,0.03210767114934027,False
STX,current,5951,2026-08-07,24.23917,0.0,3899700.0,0,0.2786074208471083,0.041255538040287684,False
STZ,current,8659,2026-08-07,16.72281,0.00034646033029218156,1150400.0,0,0.3723339634387721,0.059798562562153136,False
SUN,departed,3489,2026-08-07,17.88276,0.0,295800.0,0,0.25733389961858477,0.05591977972080372,False
SW,current,524,2026-08-07,42.93935,0.0,4178400.0,0,0.11988384828596055,0.023288662101827493,False
SWK,current,10355,2026-08-07,26.54519,0.0,567300.0,0,0.2532277951459938,0.03767160830267178,False
SWKS,current,10560,2026-08-07,8.0050992,0.006818181818181818,1654050.0,1,0.5882360016332513,0.12492040561910837,False
SWN,departed,6197,2026-08-07,18.7536,0.6212683556559626,0.0,0,0.22382619881369248,0.05332309529903592,True
SYF,current,3023,2026-08-07,28.87169,0.0,4740500.0,0,0.18813792788293626,0.034636005027762484,False
SYK,current,9707,2026-08-07,39.18005,0.0005150922015040693,1291400.0,2,1.31176705778319,0.02552319356407151,False
SYY,current,13426,2026-08-07,8.901385000000001,0.039252197229256665,1687600.0,0,0.18790031678277463,0.11234230351123918,False
T,current,10595,2026-08-07,7.82762,0.0,15754276.0,0,0.1628026275036134,0.12775275243305118,False
TAP,current,10566,2026-08-07,20.895339999999997,0.0005678591709256105,824700.0,0,0.16465807225195928,0.0478575606701611,False
TDC,departed,4743,2026-08-07,34.7,0.0002108370229812355,1261300.0,0,0.37079494901275223,0.028818443804034578,False
TDG,current,5132,2026-08-07,154.214225,0.0,310650.0,0,0.24402947081750037,0.006484552827066485,False
TDY,current,6716,2026-08-07,75.104998,0.0,177400.0,0,0.41496598639455784,0.013314693649267871,False
TE,departed,1652,2026-08-07,8.15,0.010290556900726392,1395450.0,1,0.6666666666666665,0.1226993865030675,False
TECH,current,8608,2026-08-07,14.547095,0.0013940520446096654,673800.0,2,2.7999999858248006,0.06874224881526302,False
TEG,departed,6568,2026-08-07,7.54134,0.09424482338611449,1100.0,0,0.26922929132477025,0.13260243031385419,True
TEL,current,4818,2026-08-07,59.096445,0.0,1732000.0,0,0.14553633139865263,0.016921492930926638,False
TER,current,10037,2026-08-07,15.40839,0.0062767759290624685,1980900.0,2,4.20862598194417,0.06489970723742064,False
TFC,current,11692,2026-08-07,14.349235,0.024119055764625384,994350.0,0,0.23612482462398887,0.06969012636334194,False
TFX,departed,11691,2026-08-07,34.22404,0.0,125900.0,0,0.18904771524091646,0.02921922718650399,False
TGNA,departed,6403,2026-08-07,5.70629,0.7510541933468686,0.0,1,0.733331875293886,0.1752452118626989,True
TGT,current,10923,2026-08-07,25.88029,0.00018309988098507736,3963600.0,2,2.5294139304925505,0.03863944337563451,False
THC,departed,11239,2026-08-07,35.59691,0.0,700550.0,1,0.5501165501165501,0.028092325991216652,False
TIE,departed,5795,2026-08-07,17.34704,0.7271786022433132,0.0,0,0.32275049583793813,0.05764672243794907,True
TIF,departed,1019,2026-08-07,18.14904,0.5093228655544652,0.0,0,0.019637335840526182,0.05509933307767243,True
TJX,current,9721,2026-08-07,5.28733,0.0,7974400.0,0,0.17646908304653208,0.1891313763279387,False
TKO,current,729,2026-08-07,147.028015,0.0,986700.0,0,0.15786065673395244,0.006801424884910538,False
TMC,departed,1233,2026-08-07,1.48,0.0,1848900.0,0,0.45128205128205146,0.6756756756756757,True
TMO,current,9808,2026-08-07,38.45788,0.00010195758564437195,1053300.0,1,2.318352302420119,0.02600247335526555,False
TMUS,current,4857,2026-08-07,53.88733,0.0,3476800.0,0,0.3678335938031607,0.01855723785164342,False
TPL,current,11693,2026-08-07,0.60953008,0.021893440519969214,115200.0,0,0.29966798819257834,1.6406081222439424,True
TPR,current,6496,2026-08-07,27.969655,0.0,3428900.0,0,0.2967865351166685,0.03575303324759333,False
TRB,departed,6470,2026-08-07,69.75993,0.0794435857805255,40966.5,1,6.252785277039044,0.014334876769515108,False
TRGP,current,3940,2026-08-07,38.543205,0.0,1376350.0,1,0.3509503884658498,0.02594491057169256,False
TRIP,departed,3687,2026-08-07,34.482,0.0,2054800.0,0,0.25536059021187474,0.02900063801403631,False
TRMB,current,8746,2026-08-07,14.3525,0.0,1121800.0,0,0.29560551506596355,0.06967427488874083,False
TROW,current,9302,2026-08-07,29.413655,0.0017200602021070737,1202050.0,0,0.215346700163344,0.033997815344186624,False
TRV,current,10101,2026-08-07,27.60755,0.000297000297000297,1267300.0,1,0.5019445684923376,0.03622197551032236,False
TSCO,current,8171,2026-08-07,2.75203,0.004405825480357361,5608000.0,1,2.250000185959629,0.3633681318880972,True
TSG,departed,5967,2026-08-07,0.28,0.097871627283392,25000.0,11,1.5000000624999998,3.571428571428571,True
TSLA,current,4052,2026-08-07,20.60867,0.0,81154600.0,0,0.24395253983916465,0.04852326760620796,False
TSN,current,10134,2026-08-07,12.267994999999999,0.003552397868561279,1600500.0,2,1.7755113833352598,0.08151291257360659,False
TSS,departed,5891,2026-08-07,5.59686,0.1660159565438805,1250.0,3,4.000014959848417,0.17867161229689504,True
TT,current,10355,2026-08-07,15.27848,0.0,1936594.0,0,0.1758811883709237,0.0654515370638964,False
TTD,current,2483,2026-08-07,46.56,0.0,7202800.0,0,0.4339085909349518,0.02147766323024055,False
TTWO,current,7376,2026-08-07,20.702055,0.002982646420824295,1394000.0,1,0.54896298331752,0.04830438456238464,False
TWC,departed,6165,2026-08-07,7.025127,0.27607461476074613,700.0,0,0.2749463021568104,0.1423461810725984,True
TXN,current,13658,2026-08-07,10.0980355,7.32171621027969e-05,6598450.0,0,0.24067826972266726,0.09902919293960288,False
TXT,current,10529,2026-08-07,24.67174,0.00018995156235160034,1193000.0,1,1.03726167441912,0.040532204052085505,False
TYL,current,9725,2026-08-07,12.73,0.002365038560411311,132700.0,1,0.41725571427889574,0.07855459544383346,False
UA,departed,2609,2026-08-07,13.46,0.0011498658489842851,2920995.0,0,0.247471743010113,0.07429420505200594,False
UAA,departed,5210,2026-08-07,9.99375,0.0,5968350.0,0,0.2770753161077515,0.10006257822277848,False
UAL,current,5158,2026-08-07,43.74,0.0,5485750.0,1,0.685370741482966,0.022862368541380886,False
UBER,current,1821,2026-08-07,46.14,0.0,19570500.0,0,0.3825910931174088,0.021673168617251843,False
UDR,current,11160,2026-08-07,6.815535000000001,0.0,506000.0,0,0.17464773422107482,0.14672363576426714,False
UHS,current,9163,2026-08-07,26.13946,0.0012004801920768306,676800.0,0,0.2533608188494696,0.038256337353564304,False
ULTA,current,4725,2026-08-07,220.63,0.0,685500.0,0,0.23980722983752933,0.004532475184698364,False
UNH,current,9160,2026-08-07,34.604455,0.0001091703056768559,5523200.0,1,0.5306154822987783,0.028898013355534463,False
UNM,departed,10013,2026-08-07,14.93477,0.0,1184600.0,0,0.2620423071588307,0.06695784401098913,False
UNP,current,11745,2026-08-07,9.4744,0.0,3098700.0,0,0.13004203674716353,0.10554758084944695,False
UPS,current,6725,2026-08-07,52.68411,0.0,3029400.0,0,0.14375811132841898,0.018981055198616814,False
URBN,departed,8241,2026-08-07,24.83,0.0012134449702705982,1853400.0,0,0.2283557046979865,0.04027386226339106,False
URI,current,7202,2026-08-07,34.89072,0.0,840200.0,0,0.3054830799677024,0.028660976491800196,False
USB,current,13429,2026-08-07,9.25076,0.0020105741306128528,2026500.0,0,0.29385770400405464,0.10809922644193558,False
USL,departed,4696,2026-08-07,35.6,0.002342419080068143,24500.0,0,0.13076923076923075,0.028089887640449434,False
V,current,4626,2026-08-07,87.735355,0.0,8884100.0,0,0.14997366760451114,0.011397920992142783,False
VEEV,current,3221,2026-08-07,159.61,0.0,989800.0,0,0.20072115384615374,0.00626527159952384,False
VFC,departed,10355,2026-08-07,7.72929,0.0,1849579.0,0,0.275153761019892,0.1293779894401685,False
VICI,current,2161,2026-08-07,23.85284,0.0,5107300.0,0,0.1769637017216681,0.04192372899830796,False
VLO,current,11239,2026-08-07,7.5751,0.0,3025600.0,0,0.3120249626969045,0.13201145859460603,False
VLTO,current,718,2026-08-07,97.615545,0.0,1443450.0,0,0.06809654529420861,0.010244270070935648,False
VMC,current,9805,2026-08-07,39.35061,0.008771035186129525,508400.0,2,0.7189018257128967,0.025412566666692078,False
VNO,departed,9764,2026-08-07,24.040889999999997,0.04752150757886112,804137.0,1,0.5934067227791091,0.04159580736727486,False
VNT,departed,1474,2026-08-07,32.69762,0.0006784260515603799,976900.0,0,0.11340944090318428,0.03058326996497815,False
VRSK,current,4234,2026-08-07,96.9051015,0.0,754200.0,0,0.1328601574245114,0.010319404569505041,False
VRSN,current,7174,2026-08-07,50.601585,0.0,1548050.0,0,0.3040950580816142,0.019762226862519088,False
VRT,current,2014,2026-08-07,21.21253,0.005958291956305859,3630200.0,0,0.29249931335258705,0.047141951248413194,False
VRTX,current,8823,2026-08-07,36.88,0.00034002040122407346,1124000.0,2,0.6190656326839417,0.027114967462039046,False
VST,current,2473,2026-08-07,21.065755,0.0004043671653861706,4038000.0,0,0.1660053032053579,0.04747040872733971,False
VTR,current,7361,2026-08-07,32.21017,0.0,1375374.0,0,0.28571502407231764,0.031046095068731402,False
VTRS,current,11693,2026-08-07,9.64761,0.001282818780466946,2209950.0,2,0.22279851370721881,0.10365261448172139,False
VZ,current,10761,2026-08-07,12.45763,0.0,8495949.0,0,0.14632404667037857,0.08027209027720361,False
WAB,current,7837,2026-08-07,25.4063,0.0,585800.0,0,0.2500005759638755,0.03936031614205925,False
WAT,current,7729,2026-08-07,78.0,0.0,561000.0,0,0.3760896637608966,0.01282051282051282,False
WB,departed,3095,2026-08-07,16.72679,0.0,1224900.0,0,0.24960268687799791,0.05978433399355166,False
WBD,current,5304,2026-08-07,21.923865,0.0,4015730.0,0,0.28947368421052655,0.04561239606162029,False
WDAY,current,3473,2026-08-07,149.34,0.0,1645500.0,0,0.18676592224979305,0.006696129637069774,False
WDC,current,12040,2026-08-07,7.86911,0.0003322259136212625,2602539.5,0,0.3975884835751293,0.12707919373263343,False
WEC,current,10525,2026-08-07,10.18845,0.0,893000.0,0,0.1314713018404794,0.0981503565311701,False
WELL,current,8913,2026-08-07,19.71862,0.0187366767642769,1057900.0,1,0.8151256200992159,0.05071348806356631,False
WFC,current,13658,2026-08-07,9.323055,0.0005125201347195783,5299500.0,0,0.3276454625787881,0.10726097846874003,False
WFR,departed,280,2026-08-07,1.1,0.8678571428571429,0.0,20,99.00000000000001,0.9090909090909091,True
WHR,departed,10877,2026-08-07,33.47247,0.00018387423002666178,575000.0,1,1.8055541131101882,0.029875297520619185,False
WLTW,departed,5349,2026-08-07,66.73727,0.0001869508319312021,364149.0,0,0.4607085337203902,0.01498413105600514,False
WM,current,8809,2026-08-07,22.054325,0.0043137700079464185,1701300.0,3,1.9999987517797813,0.04534258019685481,False
WMB,current,11240,2026-08-07,7.914185,0.00017793594306049823,3896754.5,2,1.0101010012449012,0.12635539865924464,False
WMT,current,13599,2026-08-07,9.70657,0.0038973453930436063,18739200.0,0,0.1560315981630629,0.10302300400656464,False
WRB,current,13309,2026-08-07,1.33631,0.0363663686227365,1390163.0,0,0.26667489383526854,0.7483293547155974,True
WSM,current,10857,2026-08-07,5.61492,0.015013355438887354,1733000.0,0,0.3966993941926049,0.17809692747180725,False
WST,current,9728,2026-08-07,15.419165,0.0034950657894736842,202000.0,1,2.1060644844107386,0.06485435592298125,False
WTW,current,6326,2026-08-07,91.59877,0.00015807777426493836,406150.0,0,0.15824773783468915,0.010917177276719214,False
WU,departed,4993,2026-08-07,9.99169,0.0,5004500.0,0,0.21025295970577051,0.10008316911353334,False
WY,current,13429,2026-08-07,16.2318,7.446570854121677e-05,835200.0,0,0.2531547758024526,0.06160746189578482,False
WYN,departed,5626,2026-08-07,286.45517,0.07163170991823675,10133.0,0,0.1502463154375,0.0034909476411265333,True
WYNN,current,5983,2026-08-07,86.74399,0.0,1936900.0,0,0.2989249735408255,0.011528176188344575,False
X,departed,5739,2026-08-07,46.075101,0.00017424638438752395,147500.0,1,0.12071235395196789,0.021703696319623916,False
XEC,departed,3328,2026-08-07,22.662084999999998,0.0634014423076923,17200.0,0,0.08055006176297863,0.044126567755691196,True
XEL,current,10296,2026-08-07,11.186995,9.712509712509713e-05,1516000.0,0,0.23466370136777837,0.0893895115339616,False
XL,departed,3974,2026-08-07,0.17,0.741066935078007,0.0,25,22.076923076923077,5.88235294117647,True
XOM,current,14271,2026-08-07,13.90067,0.0,8264000.0,0,0.17910189221194783,0.07193897848089337,False
XRAY,departed,8992,2026-08-07,24.455375,0.012233096085409253,957150.0,0,0.43859700942412605,0.040890807462895445,False
XRX,departed,12502,2026-08-07,1.0095014500000001,0.0,1279332.5,0,0.43311503673301344,0.9905880515547058,True
XYL,current,3725,2026-08-07,68.12752,0.0,1042400.0,0,0.12443802906136114,0.014678356118056258,False
XYZ,current,2693,2026-08-07,66.39,0.0,8347500.0,0,0.26139593641435943,0.015062509414068384,False
YHOO,departed,61,2026-08-07,743.35678,0.09836065573770492,23.0,0,0.07352940722671875,0.0013452490471668262,True
YUM,current,7267,2026-08-07,35.026514,0.0,3195127.0,0,0.2324841334224088,0.028549800873703846,False
ZBH,current,6296,2026-08-07,81.55495,0.0,1364338.0,0,0.15579747242141906,0.012261674287032063,False
ZBRA,current,8807,2026-08-07,37.84,0.0,353550.0,0,0.26467554983282304,0.026427061310782235,False
ZION,departed,9263,2026-08-07,29.98398,0.014790024829968693,1022800.0,0,0.31818230788291446,0.03335114284361182,False
ZTS,current,3399,2026-08-07,107.015554,0.0,2395700.0,0,0.1197927227641078,0.009344436043381133,False
