class,tf,rule,pit,n_names,years,exposure,cagr,cashmatch_bench_cagr,cashmatch_excess_cagr,cashmatch_ratio,win_rate,profit_factor,n_trades,sharpe,bench_sharpe,dsharpe,boot_t,dsr,alpha_vs_bh_ann,alpha_vs_bh_t,avg_breadth,bars,start,end,vol,bench_vol,dd,bench_dd,bench_cagr,wealth,bench_wealth,avg_win,avg_loss,boot_se,boot_p_gt0,boot_ci_lo,boot_ci_hi,boot_draws,fold_dsharpe,fold_sd,fold_t,n_folds_scored,fold_edges,cash_w,cashmatch_bench_dd,cashmatch_bench_wealth,cashmatch_beats,edge_wealth,edge_headroom,cost_drag_ann,roe_ann,const_weight,const_mar,mar,vs_constant,index_symbol,index_cagr,index_wealth,index_sharpe,index_vol,index_dd,idx_cash_w,idx_cashmatch_bench_cagr,idx_cashmatch_bench_dd,idx_cashmatch_excess_cagr,idx_cashmatch_ratio,idx_cashmatch_beats,volmatch_k,volmatch_wealth,volmatch_dd,volmatch_beats,alpha_ann,alpha_t,alpha_p,r2,factor_n,beta_Mkt-RF,beta_SMB,beta_HML,beta_RMW,beta_CMA,beta_Mom,beta_ST_Rev,t_Mkt-RF,t_SMB,t_HML,t_RMW,t_CMA,t_Mom,t_ST_Rev,alpha_vs_bh_p,beta_BH,r2_vs_bh,fill,skew,kurtosis,n_trials,sr_star_ann,psr,dsr_pass,n_trials_ledger,n_trials_measured,n_trials_source,trial_dispersion,dispersion_source,rand_sharpe,vs_random,edge_gate_dsharpe,edge_gate_t,edge_gate_vs_random,edge_gate_vs_constant,edge_gate_wealth,edge_gate_headroom,edge_passed,edge_n,edge_powered,edge_rankable,edge_verdict
us_stocks,2m,BUYHOLD,False,20,6.364577103391635,1.0,0.2563522171542809,0.2563625820426483,-1.03648883673646e-05,0.9999474939222508,1.0,,20,1.2888006709006872,1.2888504257812283,-4.975488054115296e-05,,0.0,-0.0013636055019117916,-1.045177968337396,19.84769231760514,310398,2020-03-25,2026-08-03,0.16582108009423302,0.16582107968664941,-0.23061035728319945,-0.23061035728320378,0.2563625820426483,42736.8210247761,42739.06508545041,3.781131302107241,,,,,,,,,,4,0.000000;0.000000;0.000000;0.000000,1.0,-0.23061035728320378,42739.06508545041,False,-2.2440606743057145,0.0,8.248780578370739e-06,0.2563522171542809,1.0,1.1116698532660403,1.1116249078070217,-4.494545901856384e-05,SPY,0.21129637433004955,33873.00293182087,1.0276292361632715,0.17373237430248673,-0.26433159070892664,0.9544627520344637,0.20310260365254407,-0.25294190435896546,0.05324961350173685,1.3173758584231883,True,0.9999999975420278,42736.82088138033,-0.23061035675972041,False,18.14245886717393,3.109234898388158,0.0018757252749290743,0.3387797870010103,1574,0.3221824588522981,-0.03239513401854867,0.06998159040076281,0.09451937941568324,-0.05959502334069815,-0.022413123015292212,0.018837532778599224,13.733908700250632,-1.4283312777523505,2.618780236192293,3.1888173161439664,-1.3359171628472943,-1.1619604073023282,0.8569022652853303,0.29594072401180727,1.0000083306070406,0.9999999636112769,close,1.0645913355708185,247.60060285874033,99,9.036087054350483,0.9994392020311365,False,68,31,run+ledger,3.5757243022633105,this run,0.8395390155266683,0.44926165537401885,False,False,True,False,False,False,1,6,False,True,underpowered
us_stocks,2m,ha:chart:ssl_hybrid@allow_short=0,False,20,6.364577103391635,0.49423604236043744,0.12483716121470789,0.1520938018103073,-0.027256640595599402,0.8586574714801278,0.4383768841600167,1.1515379506256602,19173,1.026210078078605,1.2888504257812283,-0.26264034770262334,-2.423018367819328,0.0,-2.185592054113251,-0.9081310731866199,19.84769231760514,310398,2020-03-25,2026-08-03,0.09115921117163782,0.16582107968664941,-0.14460532516829472,-0.23061035728320378,0.2563625820426483,21142.87551736081,42739.06508545041,0.013041576626504533,-0.0088400457572631,0.10839387401713955,0.0105,-0.4680208633524562,-0.04637359558651547,2000.0,-0.12654755474736057,0.6770116250941267,-0.3738416005183554,4,-0.454938;-0.910297;0.298178;0.560867,0.5497444073087725,-0.12698270399456335,24623.17771592363,False,-3480.302198562817,0.0,0.018516825531298152,0.23275858547955508,0.49423604236043744,1.2267935106501753,0.8632957401079094,-0.36349777054226584,SPY,0.21129637433004955,33873.00293182087,1.0276292361632715,0.17373237430248673,-0.26433159070892664,0.5247105586257622,0.1249832137600635,-0.1399135001362528,-0.00014605254535560164,0.9991739974139819,False,1.0,21142.87551736081,-0.14460532516829472,False,6.452687216857548,1.8848656670738533,0.05944797644806865,0.2624509632593016,1574,0.15879061773668418,0.013511861256582457,0.014364025727289703,0.07968413071523982,-0.026902682959102746,-0.005010125798108875,0.002412904558332027,10.982723556815047,1.0683518992411942,1.0322313590412546,4.6667616136289904,-1.0792569928259723,-0.5719250531340698,0.18418319194242283,0.36380897512869037,0.4761042633706352,0.7392645495627834,close,0.5657161961164725,371.65267533584705,99,9.036087054350483,0.9951976256152508,False,68,31,run+ledger,3.5757243022633105,this run,0.19159222902884018,0.8346178490497648,False,False,True,False,False,False,1,6,False,True,underpowered
us_stocks,2m,chart:ssl_hybrid@allow_short=0,False,20,6.364577103391635,0.4915274649605027,0.11276558815413718,0.15396754680377955,-0.04120195864964238,0.7934214002518216,0.4275962539021852,1.1243599276333411,24025,0.8958589747312963,1.2888504257812283,-0.39299145104993205,-2.7727721937996312,0.0,-3.8308775225642036,-1.6331566661480796,19.84769231760514,310398,2020-03-25,2026-08-03,0.09251676938546091,0.16582107968664941,-0.15631660816388837,-0.23061035728320378,0.2563625820426483,19739.667932192515,42739.06508545041,0.011827303943427965,-0.007857996358166437,0.14173232547871215,0.001,-0.6762873881534733,-0.12791407304600438,2000.0,0.0954282280791951,1.0830400286136304,0.17622290138500263,4,-0.692988;-0.677220;0.140473;1.611447,0.5579312929350659,-0.12894002633972523,24879.1725631895,False,-5139.504630996985,0.0,0.02320401260284392,0.2071479570531516,0.4915274649605027,1.228430181442559,0.7213922402660463,-0.5070379411765128,SPY,0.21129637433004955,33873.00293182087,1.0276292361632715,0.17373237430248673,-0.26433159070892664,0.5325246359920188,0.12641333551208955,-0.14205726011791353,-0.013647747357952378,0.9253484758869951,False,1.0,19739.667932192515,-0.15631660816388837,False,4.7233138788260325,1.371953563476512,0.17007789417804564,0.27188091619444554,1574,0.1624731487135931,0.016928189906987245,0.014626299735120182,0.07124206923867735,-0.023985633179524058,-0.006662461831822751,0.00458063871272404,12.089761717528875,1.3179775140523122,1.045051150507858,3.8198071022407643,-1.0411733421895744,-0.7457683679726427,0.3402190447625377,0.10243605121333443,0.4714697068867303,0.7276466580002827,close,1.7035828620387155,345.90230254959357,99,9.036087054350483,0.9882838330982551,False,68,31,run+ledger,3.5757243022633105,this run,0.19159222902884018,0.7042667457024561,False,False,True,False,False,False,1,6,False,True,underpowered
us_stocks,2m,RANDOM_75,False,20,6.364577103391635,0.7510632246929497,0.13701575246051045,0.20500024156305252,-0.06798448910254207,0.6910050367774907,0.5113898976559921,1.0964271769303624,57551,0.8395390155266683,1.2888504257812283,-0.44931141025456,-6.364324003015357,0.0,1.0757207810725293,0.6945599679216569,19.84769231760514,310398,2020-03-25,2026-08-03,0.12925115094811904,0.16582107968664941,-0.2325834529452533,-0.23061035728320378,0.2563625820426483,22642.796924421327,42739.06508545041,0.007451936037062037,-0.007113429458366875,0.07059845005403252,0.0,-0.5840679866668347,-0.3080280718787902,2000.0,-0.5642352517457919,0.30879338002518386,-3.6544517353304355,4,-0.923749;-0.224883;-0.410198;-0.698111,0.7794615207690346,-0.18087999496921603,32767.918783944395,False,-10125.12185952307,0.0,0.055569662372497344,0.175386674377211,0.7510632246929497,1.1381957226101798,0.5891036130277159,-0.5490921095824639,SPY,0.21129637433004955,33873.00293182087,1.0276292361632715,0.17373237430248673,-0.26433159070892664,0.743966986389531,0.16499427169392678,-0.19882590774144082,-0.02797851923341632,0.8566574512161068,False,1.0,22642.796924421327,-0.2325834529452533,False,14.835750191530435,3.1274397545348207,0.001763359552467314,0.3231427478618658,1574,0.2446716477099482,-0.019044853130224873,0.045286194181270126,0.08021109037694618,-0.04007639265978133,-0.023433319440455486,0.015366387394980408,12.480685717324477,-1.021738399132366,2.090803217574286,3.3603658509279146,-1.0785096973144348,-1.3612448387741427,0.8702092901761461,0.48733110726724194,0.7583927841323531,0.9406294624195501,close,1.4532180204519514,310.9934119774203,99,9.036087054350483,0.9831094523196324,False,68,31,run+ledger,3.5757243022633105,this run,0.8395390155266683,0.0,False,False,True,False,False,False,1,6,False,True,underpowered
us_stocks,2m,ha:chart:range_filter_macd@allow_short=0,False,20,6.364577103391635,0.190457903565685,0.02405418640400403,0.0958242669695133,-0.07177008056550926,0.6497810201705694,0.3710242018226809,1.025640212767744,33138,-0.0643644365974699,1.2888504257812283,-1.3532148623786981,-3.898755487610123,0.0,-6.076962122296564,-2.810964759419069,19.84769231760514,310398,2020-03-25,2026-08-03,0.05005633313766923,0.16582107968664941,-0.07538884568104742,-0.23061035728320378,0.2563625820426483,11633.251858361815,42739.06508545041,0.0064039837151188975,-0.003683184576405996,0.3470889279102235,0.0,-2.047658899620176,-0.7226959122848883,2000.0,-1.720187046526612,0.9826413092251761,-3.50114946395445,4,-1.049421;-2.967607;-0.829987;-2.033733,0.3018695405449068,-0.06645902578072338,17903.342044844667,False,-6270.090186482851,0.0,0.03202189249430079,0.00453864004985749,0.190457903565685,1.7222295015903832,0.3190682412856096,-1.4031612603047736,SPY,0.21129637433004955,33873.00293182087,1.0276292361632715,0.17373237430248673,-0.26433159070892664,0.28812323171567195,0.08158876242474755,-0.07348245702874423,-0.05753457602074352,0.7061709478389876,False,1.0,11633.251858361815,-0.07538884568104742,False,-3.2478883581088938,-1.4882201378729172,0.1366928481485441,0.14200861852746416,1574,0.060367883483797596,0.014620577479925154,-0.0032908593136957154,0.03786608717491621,0.0008853222564372647,-0.0010539361854998135,0.011334732495220353,6.456177208654006,1.7783659327905457,-0.40230414036013457,2.5893962348154274,0.07201344798738143,-0.1833751391445201,1.3935586317223172,0.004939319553866062,0.15592620222943868,0.31177780655309995,close,-1.1145412861186816,1440.9573003432197,99,9.036087054350483,0.43549426782520406,False,68,31,run+ledger,3.5757243022633105,this run,0.19159222902884018,-0.2559566656263101,False,False,False,False,False,False,0,6,False,True,underpowered
us_stocks,2m,chart:range_filter_macd@allow_short=0,False,20,6.364577103391635,0.22660300187054758,0.011874133955350974,0.10057222912163688,-0.0886980951662859,0.5857920836878837,0.36556626428868755,1.00621678588227,31231,-0.2802101623629861,1.2888504257812283,-1.5690605881442146,-5.398456712772272,0.0,-6.911449802560923,-3.0152352967229494,19.84769231760514,310398,2020-03-25,2026-08-03,0.05355125316429755,0.16582107968664941,-0.11387820962340578,-0.23061035728320378,0.2563625820426483,10780.228561749977,42739.06508545041,0.007228397546965229,-0.004139332508210657,0.29064984154303874,0.0,-2.142261115212257,-1.030317706402713,2000.0,-1.62531302615943,0.7164649313040622,-4.537034417584521,4,-1.390391;-2.637494;-0.955435;-1.517933,0.32294599254505435,-0.07169964676715745,18402.823906192963,False,-7622.595344442989,0.0,0.03016832436827111,-0.04333835597490521,0.22660300187054758,1.6048556218289047,0.10427046574246845,-1.5005851560864363,SPY,0.21129637433004955,33873.00293182087,1.0276292361632715,0.17373237430248673,-0.26433159070892664,0.30823992004540884,0.08528378037458162,-0.07924483784880099,-0.07340964641923065,0.6403387971976704,False,1.0,10780.228561749977,-0.11387820962340578,False,-3.5720532617971616,-1.5174377103645318,0.12915620899851854,0.15628587336500177,1574,0.06684531562950231,0.008730418455293595,0.0018015504650729305,0.03875368867315063,-0.009090689497215369,-0.007193848479201454,0.011097946640858412,7.095623212459702,0.9867983701675017,0.22273090582357968,2.656843253662037,-0.7618774652630602,-1.0616366651878384,1.5113989762833795,0.002567799660886383,0.18405296706320762,0.3634070003720541,close,-2.8216112949852077,1127.6352657918965,99,9.036087054350483,0.23946517510156684,False,68,31,run+ledger,3.5757243022633105,this run,0.19159222902884018,-0.47180239139182634,False,False,False,False,False,False,0,6,False,True,underpowered
us_stocks,2m,chart:bb_outside_in@allow_short=0,False,20,6.364577103391635,0.5147867934871341,0.0494749809664754,0.15638325494428673,-0.10690827397781133,0.53933952319873,0.42484574356829113,1.0548341875696408,76496,0.25980355050796494,1.2888504257812283,-1.0290468752732633,-6.408820669329469,0.0,-2.031219513567151,-0.8376753912862217,19.84769231760514,310398,2020-03-25,2026-08-03,0.09426600759704201,0.16582107968664941,-0.16380309149396854,-0.23061035728320378,0.2563625820426483,13598.107857243715,42739.06508545041,0.005334384363039794,-0.0037354853839626145,0.1605672756920703,0.0,-1.374834335919921,-0.745968555279698,2000.0,-1.6236184302396777,0.7858353310777199,-4.132210314374629,4,-2.216473;-1.296745;-0.666335;-2.314920,0.5684802425311404,-0.131458114784208,25212.518779628226,False,-11614.410922384513,0.0,0.07386950190713579,0.06954494756696028,0.5147867934871341,1.215090128880211,0.3020393602784789,-0.9130507686017321,SPY,0.21129637433004955,33873.00293182087,1.0276292361632715,0.17373237430248673,-0.26433159070892664,0.5425932154298125,0.12825569009592463,-0.1448147458736707,-0.07878070912944923,0.6308508614392415,False,1.0,13598.107857243715,-0.16380309149396854,False,7.07902598686653,1.8222279910563355,0.06842039908431907,0.2570359303074228,1574,0.16129694062202432,-0.010368100177486086,0.04219783188765679,0.05476053799173129,-0.05161596902178291,0.010489878644541404,0.018077473761072826,12.607729969273283,-0.7893064180400592,2.6960731332433636,2.643013963490229,-2.1029737286111185,1.2812908521829482,1.3653289138821694,0.40221303804078,0.5021169826826133,0.7574725545991332,close,-1.436600518999072,387.6043307831122,99,9.036087054350483,0.7437137764481175,False,68,31,run+ledger,3.5757243022633105,this run,0.22722221651741278,0.03258133399055216,False,False,True,False,False,False,1,6,False,True,underpowered
us_stocks,2m,RANDOM_50,False,20,6.364577103391635,0.5010381485024967,0.042461447433947086,0.15248716671994944,-0.11002571928600235,0.5280275485370416,0.5057350324097528,1.0428086815896833,76983,0.19159222902884018,1.2888504257812283,-1.0972581967523882,-5.4559939257948935,0.0,-0.8010368243554047,-0.43805323359819975,19.84769231760514,310398,2020-03-25,2026-08-03,0.09144426574891891,0.16582107968664941,-0.18586767166285478,-0.23061035728320378,0.2563625820426483,13029.99592934069,42739.06508545041,0.0050909003660661156,-0.004995203297906902,0.20111059720297006,0.0,-1.5217290208522212,-0.7389111395090546,2000.0,-1.7787677685447765,0.6104567898051828,-5.827661509383623,4,-1.430314;-1.656869;-1.353991;-2.673898,0.5514634564056651,-0.12739391710786085,24676.735078390753,False,-11646.739149050063,0.0,0.07434626367095405,0.05639867698098633,0.5010381485024967,1.2227828867664137,0.2284498807892094,-0.9943330059772043,SPY,0.21129637433004955,33873.00293182087,1.0276292361632715,0.17373237430248673,-0.26433159070892664,0.5263513269536317,0.12528352616348082,-0.14036390737155668,-0.08282207872953373,0.6147288236775794,False,1.0,13029.99592934069,-0.18586767166285478,False,8.448750727102057,2.344332105129504,0.019061190263124583,0.29191516380915306,1574,0.1659454696887354,-0.024973546792285452,0.03979292957757188,0.05609738616537693,-0.03801014597343246,-0.015403461707595538,0.013881501889066034,11.981610127802153,-1.7308955520297444,2.6180415216568957,3.2553255253985047,-1.463239696951982,-1.3281663196139764,1.1288220165622576,0.661347694526567,0.5098079316931607,0.8361209274995277,close,1.2837520068209165,431.82214497991254,99,9.036087054350483,0.6856651255193911,False,68,31,run+ledger,3.5757243022633105,this run,0.19159222902884018,0.0,False,False,True,False,False,False,1,6,False,True,underpowered
us_stocks,2m,ha:chart:bb_outside_in@allow_short=0,False,20,6.364577103391635,0.5132867718475758,0.007258695647011093,0.15527716754835974,-0.14801847190134865,0.4178498081276935,0.3957765454146693,1.026717686034557,95751,-0.17804873313522573,1.2888504257812283,-1.466899158916454,-7.353915213111818,0.0,-5.0184219365442,-1.8637120168481207,19.84769231760514,310398,2020-03-25,2026-08-03,0.09346521531288013,0.16582107968664941,-0.17600675402805221,-0.23061035728320378,0.2563625820426483,10471.075666489922,42739.06508545041,0.005022300667700815,-0.0032040858166680745,0.19947186177792955,0.0,-1.8578338626566373,-1.0945169555324434,2000.0,-2.2635881191278058,0.8947638135302804,-5.059632687193383,4,-1.785532;-2.214107;-1.519470;-3.535244,0.563650987495079,-0.13030589995698683,25059.42437405642,False,-14588.348707566498,0.0,0.09247057689519336,-0.012453849083077673,0.5132867718475758,1.2159036158293617,0.04124100627328308,-1.1746626095560786,SPY,0.21129637433004955,33873.00293182087,1.0276292361632715,0.17373237430248673,-0.26433159070892664,0.5379838713891468,0.12741232379945,-0.143553052401156,-0.12015362815243891,0.48809734219039447,False,1.0,10471.075666489922,-0.17600675402805221,False,3.718933014550082,0.9283233979794756,0.3532398405026087,0.24738977506280224,1574,0.15377109241031112,-0.004655362428569315,0.038071534088330736,0.05959369187103383,-0.05804934644001006,0.010611667353227511,0.022789846630720544,12.336265925197688,-0.32469424129735946,2.3553265691910603,2.5694151505139144,-2.317572179873963,1.179946873282507,1.6814104294031662,0.06236215694167213,0.4815648825777097,0.7139435114880225,close,-2.0213268803345015,429.38693698498236,99,9.036087054350483,0.3265234499993636,False,68,31,run+ledger,3.5757243022633105,this run,0.22333486963270008,-0.40138360276792584,False,False,False,False,False,False,0,6,False,True,underpowered
us_stocks,2m,chart:range_filter@allow_short=0,False,20,6.364577103391635,0.5183302540211007,-0.00228741248843356,0.16032068154651502,-0.16260809403494858,0.3825236119294968,0.36453625701451375,1.0124027508104327,73241,-0.26585258152437696,1.2888504257812283,-1.5547030073056054,-6.356574881827907,0.0,-9.657820872914076,-3.3289463001091066,19.84769231760514,310398,2020-03-25,2026-08-03,0.09711479446647832,0.16582107968664941,-0.20563493740349492,-0.23061035728320378,0.2563625820426483,9855.306133149366,42739.06508545041,0.007427597649505298,-0.0042086712877599354,0.24458187564975756,0.0,-2.047576829909648,-1.0910178051046926,2000.0,-1.5029765837247948,0.3490756184363076,-8.611180525626017,4,-1.610004;-1.944322;-1.161844;-1.295736,0.5856601262637734,-0.1355494964009798,25763.91581015868,False,-15908.609677009314,0.0,0.07072926690141122,-0.03011946369175733,0.5183302540211007,1.2131926572043414,-0.01112365689078029,-1.2243163140951216,SPY,0.21129637433004955,33873.00293182087,1.0276292361632715,0.17373237430248673,-0.26433159070892664,0.5589907744965888,0.13125517278909493,-0.14929400021871042,-0.1335425852775285,0.44955174765024947,False,1.0,9855.306133149366,-0.20563493740349492,False,-1.7245316326053854,-0.4430281973906107,0.6577453393476913,0.2390233054769907,1574,0.1451986712421887,0.006812632401823365,0.028884131257349753,0.062431114529131596,-0.04523882334591692,-0.005138094096620409,0.02644594251149177,10.855713718971575,0.435564320223484,1.972760142429686,2.7076499586728726,-1.834825246376587,-0.531700387209199,1.873765830828686,0.0008717521076160306,0.4372482888526566,0.6258060721086895,close,-0.28143314391960167,410.85835895322526,99,9.036087054350483,0.25118714439669765,False,68,31,run+ledger,3.5757243022633105,this run,0.23640519088561818,-0.5022577724099951,False,False,False,False,False,False,0,6,False,True,underpowered
us_stocks,2m,ha:chart:ssl_hybrid,False,20,6.364577103391635,0.9993378619843252,-0.012541398400092607,0.15465247307251007,-0.16719387147260267,0.3695209348096266,0.41648850185117586,0.9922385657786666,38354,-0.39284687672066243,1.2888504257812283,-1.6816973025018909,-4.050857893669462,0.0,-4.284381113742382,-0.8877680547000878,19.84769231760514,310398,2020-03-25,2026-08-03,0.09301284313799839,0.16582107968664941,-0.23875925863642045,-0.23061035728320378,0.2563625820426483,9228.159639562064,42739.06508545041,0.012705675329205439,-0.009139769611105141,0.4151459633106331,0.0,-2.500152150990935,-0.8978261310715744,2000.0,-1.8507917445722746,1.3395721812785468,-2.763257957187193,4,-3.020322;-2.884036;-0.238592;-1.260217,0.5609229135026976,-0.129654594261308,24973.30670673995,False,-15745.147067177884,0.0,0.038555367668465006,-0.01254942001237136,0.9993378619843252,1.1117034858275046,-0.05252738039026369,-1.1642308662177683,SPY,0.21129637433004955,33873.00293182087,1.0276292361632715,0.17373237430248673,-0.26433159070892664,0.535380026385025,0.1269358607711013,-0.14283981483024544,-0.1394772591711939,0.4313190551617376,False,1.0,9228.159639562064,-0.23875925863642045,False,-5.155991511172046,-1.0576644116699734,0.29020846557521285,0.015469150484711758,1574,-0.002420392317294076,0.05733314638296973,-0.039570837067874245,0.06380141567866446,0.0060047126885649366,0.012695128096522025,-0.013441684787933113,-0.19025776779183864,3.4361305466920986,-2.7362695317750654,2.8739583446741532,0.24578235987932606,1.0331771406063808,-1.0249971645934894,0.37466552993956426,-0.048039362145766845,0.02004424945811467,close,0.4136856931043439,324.9958316840402,99,9.036087054350483,0.1609439746659757,False,68,31,run+ledger,3.5757243022633105,this run,0.8395390155266683,-1.2323858922473307,False,False,False,False,False,False,0,6,False,True,underpowered
us_stocks,2m,ha:chart:range_filter@allow_short=0,False,20,6.364577103391635,0.5173644242537229,-0.017289866637936413,0.16227253360701477,-0.17956240024495118,0.3436635339278797,0.3658828305882611,1.0085403824373125,91133,-0.4144076532575394,1.2888504257812283,-1.7032580790387677,-6.220041788614105,0.0,-10.914425641625044,-3.6753157891879398,19.84769231760514,310398,2020-03-25,2026-08-03,0.09852592372459747,0.16582107968664941,-0.2678026137789683,-0.23061035728320378,0.2563625820426483,8949.341752736913,42739.06508545041,0.0064544584865674345,-0.0036926575812036636,0.2738338642927788,0.0,-2.266636114252552,-1.185143289421447,2000.0,-1.52760964422579,0.3356690316717722,-9.1018801264904,4,-1.832695;-1.800565;-1.197513;-1.279666,0.5941700772349391,-0.137571753368267,26040.999027307327,False,-17091.657274570414,0.0,0.08803035933581985,-0.05820833057880059,0.5173644242537229,1.213706501706779,-0.0645619786676416,-1.2782684803744206,SPY,0.21129637433004955,33873.00293182087,1.0276292361632715,0.17373237430248673,-0.26433159070892664,0.5671132057002413,0.13274049781506414,-0.15150746494390854,-0.15003036445300055,0.40483104745237064,False,1.0,8949.341752736913,-0.2678026137789683,False,-2.739702421272564,-0.6897703035144171,0.49033864648790293,0.21780238048480038,1574,0.14489410185507737,0.0028844898633866786,0.028075035897039087,0.05661293888680946,-0.04481928924291505,-0.0009343246755937964,0.02522190644881019,10.37285717010304,0.1833674806908458,1.727713363832358,2.3651241486610575,-1.6782139231150262,-0.0989069983593245,1.6372122231622452,0.00023755539516079338,0.4505550764217589,0.6041986399300051,close,-1.1663280728718857,528.6475563951886,99,9.036087054350483,0.14769440854727195,False,68,31,run+ledger,3.5757243022633105,this run,0.23390221676953515,-0.6483098700270746,False,False,False,False,False,False,0,6,False,True,underpowered
us_stocks,2m,ha:chart:range_filter_macd,False,20,6.364577103391635,0.3799356972339057,-0.07130956686165257,0.1179910211388624,-0.18930058800051497,0.3070597751250902,0.3561515378844711,0.95244255721043,69316,-1.5079845411693684,1.2888504257812283,-2.7968349669505965,-4.63279952962267,0.0,-12.912908585924606,-3.822275451319569,19.84769231760514,310398,2020-03-25,2026-08-03,0.06632916028640808,0.16582107968664941,-0.39553602971617297,-0.23061035728320378,0.2563625820426483,6244.710680485233,42739.06508545041,0.00626080290509836,-0.003636155110405778,0.603702998385167,0.0,-3.9829726437008346,-1.6518182494521465,2000.0,-3.199137990457811,1.1425002702407419,-5.600240234137897,4,-4.339944;-3.369142;-1.614629;-3.472837,0.4000043927572398,-0.09071145152139348,20337.117350982422,False,-14092.406670497188,0.0,0.06752974053171094,-0.21418307425716077,0.3799356972339057,1.322478207826138,-0.18028589434146514,-1.502764102167603,SPY,0.21129637433004955,33873.00293182087,1.0276292361632715,0.17373237430248673,-0.26433159070892664,0.3817892925985222,0.09878684737179877,-0.10013380532758287,-0.17009641423345134,0.3428589580462742,False,1.0,6244.710680485233,-0.39553602971617297,False,-13.170544024506427,-4.024890975996491,5.7001717458593504e-05,0.016554401515327055,1574,-0.006924024194832067,0.040172494452663216,-0.03470148355355285,0.028642533734330667,0.011837527027621295,-0.005546733090034939,0.009692340597575306,-0.6524556404922927,3.091326914739287,-3.1596979074624105,1.588402870190665,0.7145936955309644,-0.7448109652032809,1.0281517480634939,0.00013222586814576331,-0.014199741274442972,0.0173723734774216,close,-2.3078176936870127,469.972323259143,99,9.036087054350483,6.56295557148745e-05,False,68,31,run+ledger,3.5757243022633105,this run,0.19159222902884018,-1.6995767701982085,False,False,False,False,False,False,0,6,False,True,underpowered
us_stocks,2m,chart:ssl_hybrid,False,20,6.364577103391635,0.999320388662298,-0.033747416105482375,0.15999816155411506,-0.19374557765959743,0.31251073992822503,0.4059475995255239,0.9821497245204158,48053,-0.5974476281588452,1.2888504257812283,-1.8862980539400735,-3.917033410927954,0.0,-7.5014847485496805,-1.5956421174011721,19.84769231760514,310398,2020-03-25,2026-08-03,0.09688155476644436,0.16582107968664941,-0.35298664373300004,-0.23061035728320378,0.2563625820426483,8037.267237758636,42739.06508545041,0.0115743303508406,-0.008053105656210811,0.4815629217452106,0.0,-2.8726198302178165,-1.0156868899049716,2000.0,-1.591734102246587,1.6699720633484023,-1.9063002755328216,4,-3.519493;-2.412927;-0.531456;0.096940,0.5842535517771357,-0.13521496612463424,25718.371277750553,False,-17681.10403999192,0.0,0.04793581437293193,-0.03376973756121937,0.999320388662298,1.1117043753495994,-0.09560536270887633,-1.2073097380584759,SPY,0.21129637433004955,33873.00293182087,1.0276292361632715,0.17373237430248673,-0.26433159070892664,0.557648251544431,0.1310096404620038,-0.14892780709122888,-0.16475705656748618,0.3671283960781096,False,1.0,8037.267237758636,-0.35298664373300004,False,-8.54450297059333,-1.794019039846758,0.07281012989613456,0.012945530751980683,1574,0.0065083981836704715,0.06266053570879736,-0.03782959668236279,0.046160478158359906,0.011988240690328215,0.009609506106587486,-0.00867681584743157,0.5299873318838569,3.547271094750938,-2.594105932851188,1.8954040933157037,0.43953150100157984,0.8716863610668479,-0.6474513107228623,0.11056871854200612,-0.057486613561688396,0.01910995296568918,close,0.2486388515872328,370.1494138282272,99,9.036087054350483,0.06600403295199558,False,68,31,run+ledger,3.5757243022633105,this run,0.8395390155266683,-1.4369866436855134,False,False,False,False,False,False,0,6,False,True,underpowered
us_stocks,2m,chart:range_filter_macd,False,20,6.364577103391635,0.4469828581512116,-0.09351016980578186,0.12465679041504885,-0.2181669602208307,0.2534616943712035,0.35045936613639167,0.9332441106073408,64872,-1.7399104292730332,1.2888504257812283,-3.0287608550542613,-4.749453999561138,0.0,-12.380605225122933,-3.2426334737070817,19.84769231760514,310398,2020-03-25,2026-08-03,0.07120134070724501,0.16582107968664941,-0.4841906418684643,-0.23061035728320378,0.2563625820426483,5353.442220588914,42739.06508545041,0.007097356616173559,-0.0041032947628003745,0.6377071670415435,0.0,-4.310252395957371,-1.8265177447204872,2000.0,-3.2325599491098913,1.0657348322794113,-6.066349435527107,4,-4.573463;-3.365106;-1.992717;-2.998953,0.42938654628104905,-0.09789888491975884,21121.306846266918,False,-15767.864625678003,0.0,0.06330950899062937,-0.22478395029446574,0.4469828581512116,1.2590161554016466,-0.193126759833547,-1.4521429152351937,SPY,0.21129637433004955,33873.00293182087,1.0276292361632715,0.17373237430248673,-0.26433159070892664,0.40983346364262446,0.1039322132964442,-0.10802427598703168,-0.19744238310222606,0.2853138556922756,False,1.0,5353.442220588914,-0.4841906418684643,False,-13.040503568343802,-3.5143252064603754,0.0004408727125855272,0.01098145143338547,1574,-0.010098129488070387,0.03107377178908531,-0.03145758843094103,0.023871390718294958,0.014498491721317005,-0.008880640143500375,0.007862699343636861,-0.8990411419417692,2.1758597333164884,-2.839258122691474,1.2930433224251798,0.8145834577423459,-1.0010780802556511,0.8316231479543623,0.001184304604333608,-0.03637071744768499,0.01552625800433527,close,-1.8016063105200466,495.6411137751754,99,9.036087054350483,5.31769699324558e-06,False,68,31,run+ledger,3.5757243022633105,this run,0.19159222902884018,-1.9315026583018733,False,False,False,False,False,False,0,6,False,True,underpowered
us_stocks,2m,ha:chart:ema_cross_sniper@allow_short=0,False,20,6.364577103391635,0.5154380616978396,-0.06548390014076122,0.1648909488722532,-0.23037484901301442,0.2459912311594021,0.2959513209094244,0.9910820868382189,139033,-0.9054992705140519,1.2888504257812283,-2.19434969629528,-9.751933508578393,0.0,-9.817790278149293,-3.2337558668933792,19.84769231760514,310398,2020-03-25,2026-08-03,0.10041786171549502,0.16582107968664941,-0.43687824644150075,-0.23061035728320378,0.2563625820426483,6498.263881107016,42739.06508545041,0.005606081735119979,-0.0023777565867443163,0.22501688453525617,0.0,-2.6909699617843863,-1.8036407820207099,2000.0,-2.511167219505851,0.3214285577071231,-15.625041143941903,4,-2.530511;-2.877433;-2.543170;-2.093555,0.6055795916011024,-0.1402784848589672,26416.648473522808,False,-19918.38459241579,0.0,0.13431669477386937,-0.14603878266142267,0.5154380616978396,1.2147388444287819,-0.14989050307298765,-1.3646293475017695,SPY,0.21129637433004955,33873.00293182087,1.0276292361632715,0.17373237430248673,-0.26433159070892664,0.5780031621547792,0.13473142934804594,-0.15446959271282357,-0.20021532948880716,0.29068731331204406,False,1.0,6498.263881107016,-0.43687824644150075,False,-1.3743740244246199,-0.32610147741482487,0.7443475792613707,0.22933133452675591,1574,0.14970725414269817,-0.005863162760914836,0.033327489155032204,0.06721681782661608,-0.050386560482838266,-0.012074282815828799,0.032299018434461375,11.297149491708636,-0.35649049797189014,2.0297930588438717,2.6717295832774672,-1.9779916231097336,-0.882950753759158,2.064976979026702,0.0012217384302695145,0.465364264075183,0.6127514377547478,close,-0.17145023726412217,568.1245388914978,99,9.036087054350483,0.011230422676507701,False,68,31,run+ledger,3.5757243022633105,this run,0.22890999580221288,-1.1344092663162648,False,False,False,False,False,False,0,6,False,True,underpowered
us_stocks,2m,chart:ema_cross_sniper@allow_short=0,False,20,6.364577103391635,0.5154409973265601,-0.08519093828928936,0.16495822429893892,-0.2501491625882283,0.21470757723412146,0.28050743032596476,0.9823528942641985,148513,-1.117155810712123,1.2888504257812283,-2.4060062364933517,-10.038345172905537,0.0,-8.763479928495883,-2.878343235545919,19.84769231760514,310398,2020-03-25,2026-08-03,0.10046645518127593,0.16582107968664941,-0.4982715068653276,-0.23061035728320378,0.2563625820426483,5673.939722253385,42739.06508545041,0.005634763734477205,-0.002236280301218568,0.2396815605611366,0.0,-2.941880546772215,-1.9912892765465577,2000.0,-2.7713792381148417,0.2740397093823807,-20.22611426906605,4,-2.933247;-3.068956;-2.591632;-2.491681,0.6058726391790867,-0.14034793702039505,26426.35996058214,False,-20752.420238328756,0.0,0.1434804279606803,-0.18062707296109548,0.5154409973265601,1.2147372635992273,-0.17097292764186633,-1.3857101912410936,SPY,0.21129637433004955,33873.00293182087,1.0276292361632715,0.17373237430248673,-0.26433159070892664,0.5782828651518516,0.1347825580113413,-0.15454559008249436,-0.21997349630063068,0.25373998542847453,False,1.0,5673.939722253385,-0.4982715068653276,False,-0.2638223870749699,-0.06292916675063932,0.9498229091582284,0.2216149425302123,1574,0.14712673738277746,-0.0102805445347064,0.03556239445138652,0.06891703105571736,-0.05581624237208751,-0.009633339160539461,0.03303132205016258,11.272174281616818,-0.6396938516225136,2.1468540063595323,2.782566119704897,-2.1621537572265948,-0.7399998828855295,2.1446573824317006,0.00399769915588144,0.46846403846423507,0.6104351882010262,close,-0.3072629314324739,548.3588137898766,99,9.036087054350483,0.0024340960673740475,False,68,31,run+ledger,3.5757243022633105,this run,0.2289176035639015,-1.3460734142760247,False,False,False,False,False,False,0,6,False,True,underpowered
us_stocks,2m,chart:bb_outside_in,False,20,6.364577103391635,0.9998333001088037,-0.143905692148512,0.1507462585050996,-0.2946519506536116,0.15220166235628013,0.4017491224974018,0.9462612084522936,152991,-1.9909439284733084,1.2888504257812283,-3.2797943542545367,-5.9686191334238545,0.0,-4.07726355760967,-0.8407414440347639,19.84769231760514,310398,2020-03-25,2026-08-03,0.09018248052569172,0.16582107968664941,-0.6398777663705797,-0.23061035728320378,0.2563625820426483,3719.8770052134937,42739.06508545041,0.005317672416715693,-0.003773828290800445,0.5495063901611539,0.0,-4.35649256910524,-2.2016627804780398,2000.0,-4.641074424722142,2.0926440061547007,-4.435608169447093,4,-6.475156;-3.715412;-2.124808;-6.248922,0.5438541390280942,-0.12557279844742708,24440.449254133946,False,-20720.572248920456,0.0,0.14919670266924787,-0.14392781872011995,0.9998333001088037,1.1116783068086329,-0.22489559680242158,-1.3365739036110544,SPY,0.21129637433004955,33873.00293182087,1.0276292361632715,0.17373237430248673,-0.26433159070892664,0.5190885169661835,0.12395411814105217,-0.1383691090298811,-0.2678598102895642,0.17682159825536614,False,1.0,3719.8770052134937,-0.6398777663705797,False,-4.000428021702013,-0.8301179376125024,0.4064721062952463,0.021820579200619528,1574,0.00041394902113537843,0.011671185798923634,0.014400373307708976,0.01500781668271952,-0.04362972663996238,0.043390178277537356,0.017288597450718035,0.028785980400995,0.6731807890218348,0.8921142883758892,0.6302215195747999,-1.6592958583747273,2.494943158914861,1.1698117046987266,0.4004927974970778,0.004234839494821184,0.021856471055535343,close,-3.4651816402704108,599.296061332299,99,9.036087054350483,1.9746069246373565e-07,False,68,31,run+ledger,3.5757243022633105,this run,0.8395390155266683,-2.830482943999977,False,False,False,False,False,False,0,6,False,True,underpowered
us_stocks,2m,ha:chart:bb_outside_in,False,20,6.364577103391635,0.9998541050224949,-0.21165962791892834,0.1575702227522391,-0.3692298506711674,0.08673109434417012,0.37571997765001386,0.9262554355688878,191499,-2.749389739516243,1.2888504257812283,-4.038240165297472,-6.366078417496128,0.0,-10.051803457984125,-1.866506910455765,19.84769231760514,310398,2020-03-25,2026-08-03,0.09512510081413547,0.16582107968664941,-0.7814753509359558,-0.23061035728320378,0.2563625820426483,2201.034311314718,42739.06508545041,0.005011542844677154,-0.003256308392876247,0.6343371696771795,0.0,-5.234614663190462,-2.771113810083665,2000.0,-5.8057950201508195,2.095864860267875,-5.54023795160989,4,-5.608283;-5.502265;-3.514537;-8.598095,0.5736610869612748,-0.13269317658829427,25377.684070034644,False,-23176.649758719926,0.0,0.18640139364712915,-0.21168694512845487,0.9998541050224949,1.1116772512610356,-0.2708461983675215,-1.382523449628557,SPY,0.21129637433004955,33873.00293182087,1.0276292361632715,0.17373237430248673,-0.26433159070892664,0.5475381384503066,0.1291603537675594,-0.14616703843122225,-0.34081998168648775,0.10159201971068077,False,1.0,2201.034311314718,-0.7814753509359558,False,-10.720766044642371,-1.99302554367814,0.04625865007952057,0.023722687247348717,1574,-0.014637959999045925,0.023096664853519522,0.006147456508948941,0.024674449865742944,-0.05649591956279516,0.04363372162093282,0.02671363786158176,-0.9056394060055499,1.0739486308269062,0.3268848802065162,0.8653813424021769,-1.8850017984437246,1.9287876668375055,1.502097997270253,0.06197047814094514,-0.03687029899736575,0.026050627358705336,close,-6.421324937923674,961.52131538869,99,9.036087054350483,6.740719094011638e-13,False,68,31,run+ledger,3.5757243022633105,this run,0.8395390155266683,-3.5889287550429114,False,False,False,False,False,False,0,6,False,True,underpowered
us_stocks,2m,ha:chart:pivot_center@allow_short=0,False,20,6.364577103391635,0.5165453866652041,-0.23763383672023242,0.16363942455885305,-0.40127326127908547,0.0677820614453585,0.28249662246180524,0.9359440003555705,297554,-2.9605909290600545,1.2888504257812283,-4.249441354841283,-11.400340992347557,0.0,-11.21524710540461,-3.640674058889935,19.84769231760514,310398,2020-03-25,2026-08-03,0.099513727836347,0.16582107968664941,-0.8369430702496559,-0.23061035728320378,0.2563625820426483,1778.3663233716916,42739.06508545041,0.0034776817301915472,-0.0014629493121453812,0.3727468641239509,0.0,-5.131011939028998,-3.6471185284569083,2000.0,-5.022081580527798,0.8603218738443155,-11.674889906231998,4,-5.708782;-5.654176;-3.872913;-4.852455,0.6001271251182129,-0.13898562330983777,26236.533464024178,False,-24458.167140652487,0.0,0.28743942143308576,-0.42398914179112235,0.5165453866652041,1.2141442052409308,-0.28393070588343294,-1.4980749111243639,SPY,0.21129637433004955,33873.00293182087,1.0276292361632715,0.17373237430248673,-0.26433159070892664,0.5727989860029364,0.13378005745482047,-0.15305481786416086,-0.3714138941750529,0.07997760345434697,False,1.0,1778.3663233716916,-0.8369430702496559,False,-2.6557962662384136,-0.6399086223385845,0.5222320079817946,0.19586696241279733,1574,0.1431546387969299,-0.01561968416563897,0.033447962306711584,0.0606930330730496,-0.04915597347371389,0.00038289458714276317,0.0252606509580025,11.465144467876147,-1.0765602728660808,1.9732969473676978,2.485762856012375,-1.7881918234148901,0.04430403312027202,1.6530707841541947,0.0002719252024570018,0.4717595841492635,0.5982539907276312,close,-0.49671846193649416,555.29690559761,99,9.036087054350483,6.716849298982197e-14,False,68,31,run+ledger,3.5757243022633105,this run,0.23177965857822233,-3.1923705876382766,False,False,False,False,False,False,0,6,False,True,underpowered
us_stocks,2m,chart:range_filter,False,20,6.364577103391635,0.9995865199480016,-0.22491159010485018,0.1885099774328871,-0.4134215675377373,0.06582731582176723,0.34828791436841244,0.9235789893915659,146488,-2.3514009428700713,1.2888504257812283,-3.6402513686513,-5.332250809936885,0.0,-19.33064199789808,-3.3315523748437887,19.84769231760514,310398,2020-03-25,2026-08-03,0.11742917134395607,0.16582107968664941,-0.8059175136163588,-0.23061035728320378,0.2563625820426483,1975.9113390848856,42739.06508545041,0.007399073827201136,-0.0042814013925441706,0.682685698479811,0.0,-4.968577518660649,-2.393908996151337,2000.0,-3.9746519503006037,0.9824621291219532,-8.091206434293468,4,-4.783638;-4.378447;-2.548881;-4.187643,0.7081679335694889,-0.1643806411944171,30016.58679862969,False,-28040.675459544807,0.0,0.14290836882052652,-0.2249931563127765,0.9995865199480016,1.111690838349446,-0.2790751985220102,-1.390766036871456,SPY,0.21129637433004955,33873.00293182087,1.0276292361632715,0.17373237430248673,-0.26433159070892664,0.6759199131159013,0.15260555156805178,-0.18081839792313392,-0.37751714167290196,0.08001950080086491,False,1.0,1975.9113390848856,-0.8059175136163588,False,-21.607751916876257,-3.702305280050906,0.0002136493224556002,0.013200801671481077,1574,-0.03178347133512113,0.04603234913504774,-0.012227077904199635,0.03034930651688023,-0.03087470638305914,0.012134208331736958,0.034025897811886516,-1.7822008278524644,2.0088352957605693,-0.6644800207003133,0.9862527344267917,-0.9080877916459154,0.7752789879434827,1.7067534082406441,0.0008636304716045373,-0.12550436337852194,0.033771628126752384,close,-1.6893657315940447,330.46935854451107,99,9.036087054350483,1.2770743906820314e-09,False,68,31,run+ledger,3.5757243022633105,this run,0.8395390155266683,-3.1909399583967395,False,False,False,False,False,False,0,6,False,True,underpowered
us_stocks,2m,ha:chart:range_filter,False,20,6.364577103391635,0.9995906431207069,-0.2481311597373722,0.19246405972162006,-0.44059521945899227,0.0531073663198979,0.350147033005618,0.9231667986042534,182272,-2.5459441438128967,1.2888504257812283,-3.8347945695941252,-5.600668508087668,0.0,-21.8439928591084,-3.677907170855315,19.84769231760514,310398,2020-03-25,2026-08-03,0.12026783301676569,0.16582107968664941,-0.8399128805614456,-0.23061035728320378,0.2563625820426483,1628.1588005022763,42739.06508545041,0.006440485344315952,-0.003759012449340351,0.6847030071600336,0.0,-5.215238166163998,-2.547389877361302,2000.0,-3.989384689161784,1.0433840211395544,-7.647011279326841,4,-5.192582;-4.040617;-2.644937;-4.079402,0.7252867563281744,-0.16836119603857214,30657.871277119775,False,-29029.7124766175,0.0,0.17751477599088777,-0.24821885735441185,0.9995906431207069,1.1116906288068953,-0.2954248773652658,-1.4071155061721612,SPY,0.21129637433004955,33873.00293182087,1.0276292361632715,0.17373237430248673,-0.26433159070892664,0.692259191757585,0.155582947911044,-0.18516508234074547,-0.4037141076484162,0.06486257127939263,False,1.0,1628.1588005022763,-0.8399128805614456,False,-23.638231894623154,-3.968953569724709,7.218894458738134e-05,0.011998180544013692,1574,-0.03239251731389984,0.03817603442680245,-0.013845390344189249,0.01871319606536333,-0.030035632590292176,0.020541741137729438,0.03157783723391157,-1.926652283719248,1.5564016925525603,-0.5979633660486248,0.5580260836617528,-0.8848080230705783,0.8241362852771648,1.3956700346852342,0.00023515550579888966,-0.09889062711659552,0.023479519139419702,close,-3.694215446965906,519.0660597847568,99,9.036087054350483,3.8588465756106416e-11,False,68,31,run+ledger,3.5757243022633105,this run,0.8395390155266683,-3.385483159339565,False,False,False,False,False,False,0,6,False,True,underpowered
us_stocks,2m,chart:pivot_center@allow_short=0,False,20,6.364577103391635,0.5154183485151028,-0.3073875029605101,0.16457022201886673,-0.4719577249793768,0.03661607475212039,0.24776999264498503,0.9144432995554282,361658,-3.8978303015927813,1.2888504257812283,-5.18668072737401,-11.911109446499832,0.0,-11.858949624891677,-3.766633110674059,19.84769231760514,310398,2020-03-25,2026-08-03,0.10018618739040361,0.16582107968664941,-0.9101668221525779,-0.23061035728320378,0.2563625820426483,965.5802287970748,42739.06508545041,0.0034421416094093846,-0.001239852451709346,0.4354490025190856,0.0,-6.226683836530496,-4.481194858768704,2000.0,-6.23385569521076,1.0439843885805047,-11.942430870421104,4,-6.991477;-6.968436;-4.765682;-6.209828,0.6041824572588994,-0.13994731713904862,26370.391565282654,False,-25404.81133648558,0.0,0.349340328307333,-0.5224376016328901,0.5154183485151028,1.2147494605384195,-0.3377265524066537,-1.5524760129450732,SPY,0.21129637433004955,33873.00293182087,1.0276292361632715,0.17373237430248673,-0.26433159070892664,0.5766696494688359,0.1344876630725158,-0.15410721004217376,-0.4418751660330259,0.04325247414675921,False,1.0,965.5802287970748,-0.9101668221525779,False,-3.2434363161230215,-0.7726650138115015,0.4397206572163137,0.1956359735647194,1574,0.14405040861262292,-0.013438088403339571,0.03864835145662266,0.07061462823587056,-0.05839427699963927,0.005729517119232409,0.027119206683791638,10.636265174873783,-0.9003723802272392,2.1650737518399006,2.892718397339209,-2.01568731471272,0.6386147072213018,1.743940947663372,0.00016546388167215653,0.4748495028651952,0.5931534592591281,close,-0.024593249417649673,586.6995689965823,99,9.036087054350483,0.0,False,68,31,run+ledger,3.5757243022633105,this run,0.22885890855288357,-4.126689210145665,False,False,False,False,False,False,0,6,False,True,underpowered
us_stocks,2m,ha:chart:ema_cross_sniper,False,20,6.364577103391635,0.9998633539466938,-0.32246385143978296,0.19838128287679457,-0.5208451343165775,0.026529717705045402,0.28170123391966395,0.9026673623247552,278057,-3.2911018639791747,1.2888504257812283,-4.579952289760403,-7.454158543448533,0.0,-19.650918437086112,-3.236297648595662,19.84769231760514,310398,2020-03-25,2026-08-03,0.12451114170237344,0.16582107968664941,-0.9199540047433098,-0.23061035728320378,0.2563625820426483,839.3762492766059,42739.06508545041,0.005597138317180856,-0.002431766819034953,0.6144157335888337,0.0,-5.814631011597219,-3.4445619257829976,2000.0,-5.511005076683695,0.6076097374757616,-18.13994982890983,4,-6.221421;-5.724952;-4.793988;-5.303659,0.7508764382529713,-0.17428932383194484,31639.094641288775,False,-30799.71839201217,0.0,0.2700809395678698,-0.3224998658791177,0.9998633539466938,1.1116767820586964,-0.3505217106259116,-1.4621984926846079,SPY,0.21129637433004955,33873.00293182087,1.0276292361632715,0.17373237430248673,-0.26433159070892664,0.7166835899311786,0.16003057161730694,-0.19163580738928987,-0.4824944230570899,0.032631421085086376,False,1.0,839.3762492766059,-0.9199540047433098,False,-20.907765982240832,-3.4981046716031403,0.00046857719316006907,0.013818092449761288,1574,-0.02276676313638069,0.0206810239323185,-0.0033398752285232446,0.03992111026315986,-0.041171431860260455,-0.001737993764635448,0.04573179124173434,-1.1449020609316896,0.9107602010032493,-0.16584778147239168,1.1746274817594677,-1.0835725979614375,-0.10221056222669316,2.0441531119188565,0.0012109104591404574,-0.06927195288371699,0.019197505727241326,close,-1.5541396942795578,347.3768073917381,99,9.036087054350483,0.0,False,68,31,run+ledger,3.5757243022633105,this run,0.8395390155266683,-4.130640879505843,False,False,False,False,False,False,0,6,False,True,underpowered
us_stocks,2m,chart:ema_cross_sniper,False,20,6.364577103391635,0.9998650410845314,-0.35070703426727734,0.19878589909530553,-0.5494929333625829,0.020188646848209032,0.2679307918401977,0.8949207006203788,297017,-3.6243343529526615,1.2888504257812283,-4.91318477873389,-7.629993175065706,0.0,-17.542197942878648,-2.880866467930012,19.84769231760514,310398,2020-03-25,2026-08-03,0.12480109371485129,0.16582107968664941,-0.9379417097053104,-0.23061035728320378,0.2563625820426483,640.1243680858238,42739.06508545041,0.005617486973837093,-0.002297354457674942,0.6439304290323405,0.0,-6.212822858008411,-3.735174570507896,2000.0,-5.920881869006897,0.8061186511829194,-14.689852071573934,4,-6.844172;-6.048525;-4.881366;-5.909464,0.7526250218047476,-0.1746934341809968,31707.14574873106,False,-31067.021380645238,0.0,0.2884084132171995,-0.3507448525938601,0.9998650410845314,1.1116766964723983,-0.37391133226974743,-1.4855880287421457,SPY,0.21129637433004955,33873.00293182087,1.0276292361632715,0.17373237430248673,-0.26433159070892664,0.7183525477960669,0.16033434686945114,-0.19207678820921892,-0.5110413811367285,0.024843909332987458,False,1.0,640.1243680858238,-0.9379417097053104,False,-18.686559655032447,-3.123183422918217,0.0017890621471607915,0.015488169731671997,1574,-0.027927666114642095,0.011846150511336272,0.001129901594333408,0.04332158760118707,-0.05203070921018242,0.003143925306047377,0.04719642402019113,-1.4357067889245565,0.5364942105486378,0.058937665429987275,1.2997846836732838,-1.4433252081646637,0.19406086216678553,2.1840208676348913,0.003965836183940752,-0.06307222456044957,0.01992112964545323,close,-1.6963898329092415,339.90561327096736,99,9.036087054350483,0.0,False,68,31,run+ledger,3.5757243022633105,this run,0.8395390155266683,-4.46387336847933,False,False,False,False,False,False,0,6,False,True,underpowered
us_stocks,2m,chart:bar_updn@allow_short=0,False,20,6.364577103391635,0.5058818030803268,-0.3989809499263287,0.15961885382246987,-0.5585998037487986,0.015253786376531329,0.3602529421553489,0.915599471537405,516798,-5.514133763925743,1.2888504257812283,-6.802984189706971,-12.065638848281905,0.0,-2.6997606783777903,-0.9600454313580282,19.84769231760514,310398,2020-03-25,2026-08-03,0.09660722273514356,0.16582107968664941,-0.9620319097735259,-0.23061035728320378,0.2563625820426483,391.48681567554786,42739.06508545041,0.0023171605280254844,-0.0014251147254219646,0.5638312463393256,0.0,-8.094679928890983,-5.910368100601535,2000.0,-8.056563421315717,1.364218666043848,-11.811249357376505,4,-8.927973;-8.416933;-6.037924;-8.843425,0.5825991660270295,-0.13482139651306024,25664.89434242168,False,-25273.407526746134,0.0,0.4991171777566923,-0.6443776605469377,0.5058818030803268,1.2200111531280542,-0.414727355582471,-1.6347385087105253,SPY,0.21129637433004955,33873.00293182087,1.0276292361632715,0.17373237430248673,-0.26433159070892664,0.5560692019723394,0.13072083960897207,-0.1484969748692001,-0.5297017895353008,0.017911526752190612,False,1.0,391.48681567554786,-0.9620319097735259,False,5.484487268616515,1.4531661741106763,0.14617762142050594,0.22944953590005168,1574,0.14832622184304803,-0.0038243378362372293,0.02702617852459615,0.055480304944546546,-0.04359316360177609,0.0037889358717900293,0.011709458120531147,10.320212360602738,-0.2683765608959868,1.8728882984718316,2.944702186067198,-1.6976709786731612,0.4256451439178948,1.1432014084293525,0.33703235034398404,0.45108003779651495,0.6558833141251543,close,0.2678750519475184,326.0440588477687,99,9.036087054350483,0.0,False,68,31,run+ledger,3.5757243022633105,this run,0.20414469163151067,-5.718278455557254,False,False,False,False,False,False,0,6,False,True,underpowered
us_stocks,2m,ha:chart:bar_updn@allow_short=0,False,20,6.364577103391635,0.50544818579255,-0.4793681107802913,0.1618971044555284,-0.6412652152358197,0.006040509119638252,0.3533947775486152,0.8997495322851347,651648,-6.881379451722506,1.2888504257812283,-8.170229877503735,-11.452091710352727,0.0,-5.72448643023455,-1.8989454389366347,19.84769231760514,310398,2020-03-25,2026-08-03,0.09825455436997671,0.16582107968664941,-0.9848276856000943,-0.23061035728320378,0.2563625820426483,156.9777865055269,42739.06508545041,0.001994468946292182,-0.0012115087872141598,0.7134268642048877,0.0,-9.855561084540092,-7.074423886166374,2000.0,-9.524614786332716,1.9686201874845437,-9.676437178573327,4,-11.018039;-10.462684;-6.641531;-9.976206,0.5925335581920432,-0.13718308586707206,25987.50923083249,False,-25830.53144432696,0.0,0.6293520305464904,-0.7325732859581138,0.50544818579255,1.2202565019547897,-0.4867532846501908,-1.7070097866049805,SPY,0.21129637433004955,33873.00293182087,1.0276292361632715,0.17373237430248673,-0.26433159070892664,0.5655512092346414,0.13245488376979586,-0.15108207447540845,-0.6118229945500872,0.007112429264189024,False,1.0,156.9777865055269,-0.9848276856000943,False,2.5395147124345323,0.64597771854548,0.5182937854567684,0.19577083049387012,1574,0.14184505531302447,-0.012299714955846933,0.02999028378626522,0.05692270185406271,-0.03852603911445755,0.006892122019769187,0.010435278128722756,9.791961079043876,-0.8668896442897758,1.8752687571964122,2.8129443690570617,-1.320016266466751,0.8135749196379595,0.8692413745571527,0.05757165011120513,0.4554756859675337,0.6163902492779683,close,0.17857719920928927,361.2041553667505,99,9.036087054350483,0.0,False,68,31,run+ledger,3.5757243022633105,this run,0.20302096063434116,-7.084400412356848,False,False,False,False,False,False,0,6,False,True,underpowered
us_stocks,2m,ha:chart:pivot_center,False,20,6.364577103391635,0.9998979881129573,-0.5493741669648167,0.19715307887473266,-0.7465272458395493,0.001992030910959217,0.2649033775835994,0.8489558532544293,595100,-6.614110493571265,1.2888504257812283,-7.902960919352493,-9.901585889796054,0.0,-22.445554180267145,-3.643138490034224,19.84769231760514,310398,2020-03-25,2026-08-03,0.12363084049329655,0.16582107968664941,-0.9938496377357272,-0.23061035728320378,0.2563625820426483,62.616066269955496,42739.06508545041,0.0035311835331264347,-0.0014989193014786494,0.7981510242209566,0.0,-9.64746780522892,-6.538308376092712,2000.0,-9.679907457696807,1.9730659220927305,-9.812046672449567,4,-11.647567;-10.512003;-7.015992;-9.544067,0.7455676969835235,-0.17306167624351543,31433.28044031413,False,-31370.664374044176,0.0,0.5763231689835717,-0.5494107954712666,0.9998979881129573,1.1116750253043284,-0.5527739268652828,-1.6644489521696113,SPY,0.21129637433004955,33873.00293182087,1.0276292361632715,0.17373237430248673,-0.26433159070892664,0.7116165941417573,0.15910819330601078,-0.19029605855554754,-0.7084823602708274,0.0024466046278565586,False,1.0,62.616066269955496,-0.9938496377357272,False,-23.470336061479067,-3.799116743141576,0.00014521268249012564,0.014308413583971058,1574,-0.03587137746285024,0.001167882617639171,-0.0030994892771507992,0.026873522766488,-0.03870930263309255,0.0231762146203354,0.03165512234422823,-1.9254369597795256,0.049973083717427313,-0.1615135751087957,0.813737042748061,-1.1734873325243969,1.2759462047400505,1.5024554101950933,0.0002693338306740678,-0.056481506022801366,0.0178336510574848,close,-2.000533834718299,362.4909334052301,99,9.036087054350483,0.0,False,68,31,run+ledger,3.5757243022633105,this run,0.8395390155266683,-7.453649509097933,False,False,False,False,False,False,0,6,False,True,underpowered
us_stocks,2m,chart:pivot_center,False,20,6.364577103391635,0.9999048832139692,-0.6280867300387858,0.19906669388211795,-0.8271534239209037,0.0005810833082398043,0.2327528521736245,0.8270157553285699,723308,-8.075940392689452,1.2888504257812283,-9.36479081847068,-10.481206841776867,0.0,-23.73290551762465,-3.7690544488283475,19.84769231760514,310398,2020-03-25,2026-08-03,0.1250022989374531,0.16582107968664941,-0.9981804019194516,-0.23061035728320378,0.2563625820426483,18.451977490898482,42739.06508545041,0.0034971502202281444,-0.0012828037873286312,0.8934840195256636,0.0,-11.33400999610118,-7.837693274037823,2000.0,-11.61028440349951,2.2597849434685413,-10.275565767491925,4,-13.720366;-12.684409;-8.494352;-11.542010,0.7538384092883053,-0.1749737840186929,31754.44420661905,False,-31735.99222912815,0.0,0.7001283848098936,-0.6281217083765928,0.9999048832139692,1.111674675610992,-0.6292316787937392,-1.7409063544047312,SPY,0.21129637433004955,33873.00293182087,1.0276292361632715,0.17373237430248673,-0.26433159070892664,0.719510680950061,0.16054513384882707,-0.19238270791461465,-0.7886318638876129,0.0007153134797584324,False,1.0,18.451977490898482,-0.9981804019194516,False,-24.645559791099284,-3.896362585301474,9.764816875645899e-05,0.019043710493969246,1574,-0.03407950445960896,0.005530857094289805,0.007301392559242356,0.04671670205647905,-0.05718596947301306,0.03386957093177219,0.035372138612540925,-1.7897560097417111,0.2238823622594963,0.35355418138817274,1.4043360708456616,-1.7131265508568931,1.7690446775039037,1.6755419185177853,0.00016386714156269022,-0.05030152151307711,0.02172520380936871,close,-1.9514105675728015,397.45572936465106,99,9.036087054350483,0.0,False,68,31,run+ledger,3.5757243022633105,this run,0.8395390155266683,-8.91547940821612,False,False,False,False,False,False,0,6,False,True,underpowered
us_stocks,2m,chart:bar_updn,False,20,6.364577103391635,0.9999917084381648,-0.7191081693087388,0.17980693490028132,-0.8989151042090201,0.00010792904722999117,0.34303966965496824,0.8378833879657762,1033586,-11.620110389070913,1.2888504257812283,-12.908960814852142,-11.868974040537495,0.0,-5.414452823250467,-0.9627040995346318,19.84769231760514,310398,2020-03-25,2026-08-03,0.11117208456085703,0.16582107968664941,-0.9996993304855462,-0.23061035728320378,0.2563625820426483,3.091609528527793,42739.06508545041,0.0023326242602399274,-0.0014536719401102515,1.0876222974928296,0.0,-15.337603735213705,-11.065283957632046,2000.0,-15.217585819678952,2.944389378845639,-10.336666698373348,4,-18.164173;-15.593917;-11.141236;-15.971017,0.6704339687748863,-0.15556473116481573,28644.832951593973,False,-28641.741342065445,0.0,0.9997100205765077,-0.7191111258749019,0.9999917084381648,1.1116702735213906,-0.7193244482413262,-1.8309947217627167,SPY,0.21129637433004955,33873.00293182087,1.0276292361632715,0.17373237430248673,-0.26433159070892664,0.6399042493213988,0.1460371350079488,-0.1711865719228982,-0.8651453043166876,0.00012984044891739297,False,1.0,3.091609528527793,-0.9996993304855462,False,-7.189625693229,-1.2749253067759396,0.2023356808047847,0.01392536769560504,1574,-0.02552694029548186,0.024757854473931157,-0.015943519495512155,0.016447913310902482,-0.02758398219835468,0.029988031558261956,0.004552495801547668,-1.417373282962446,1.0999601958866552,-0.7856336296975417,0.6902995024373197,-0.9633623321238445,1.3900782824724989,0.26131868899672467,0.3356960388299184,-0.09783978326064051,0.028090949064766724,close,-3.1690154331483997,443.61415363922265,99,9.036087054350483,0.0,False,68,31,run+ledger,3.5757243022633105,this run,0.8395390155266683,-12.459649404597581,False,False,False,False,False,False,0,6,False,True,underpowered
us_stocks,2m,ha:chart:bar_updn,False,20,6.364577103391635,0.9999932344924903,-0.7894324168836375,0.19085207301958174,-0.9802844899032193,1.6250629401795197e-05,0.3326842039033703,0.8176806337787108,1303284,-13.257174105454686,1.2888504257812283,-14.546024531235915,-11.033399760204146,0.0,-11.46422669080604,-1.9014843055445236,19.84769231760514,310398,2020-03-25,2026-08-03,0.11911088462203213,0.16582107968664941,-0.9999520605816195,-0.23061035728320378,0.2563625820426483,0.4939387650199325,42739.06508545041,0.002031504424907219,-0.001238610725144556,1.3183628661494973,0.0,-17.588758195500123,-12.371027416157256,2000.0,-17.18642056211798,4.017794237220581,-8.555152179225164,4,-21.215071;-18.461108;-11.661560;-17.407943,0.7183096675471833,-0.1667402791536503,30395.05441957635,False,-30394.56048081133,0.0,1.2601800256472908,-0.7894346358532307,0.9999932344924903,1.1116701961721625,-0.7894702636289046,-1.901140459801067,SPY,0.21129637433004955,33873.00293182087,1.0276292361632715,0.17373237430248673,-0.26433159070892664,0.68559982041486,0.15436965040959993,-0.1833952467928074,-0.9438020672932375,1.980953071875328e-05,False,1.0,0.4939387650199325,-0.9999520605816195,False,-13.079887903194276,-2.1234799414584207,0.033713654597807174,0.022244729579201428,1574,-0.038489599187640965,0.007807264377386231,-0.010015519918124455,0.019332225078788533,-0.01744921433686946,0.03619424683411607,0.0020040229531911825,-2.291230868255166,0.3441425877871416,-0.4890394586875574,0.7584280438958043,-0.5970184963634084,1.736094589411111,0.11963218812402772,0.05723860627842825,-0.08904819666639012,0.03238296721353817,close,-2.719250721470521,416.09280354621967,99,9.036087054350483,0.0,False,68,31,run+ledger,3.5757243022633105,this run,0.8395390155266683,-14.096713120981354,False,False,False,False,False,False,0,6,False,True,underpowered
