basket,mode,tickers,start,end,bars,rebalances,switches,lookback,month_end,fee,source,pw_total_return,pw_cagr,pw_ann_vol,pw_sharpe,pw_max_dd,spy_total_return,spy_cagr,spy_ann_vol,spy_sharpe,spy_max_dd,eq_total_return,eq_cagr,eq_ann_vol,eq_sharpe,eq_max_dd,years,cagr_net,cagr_bench,excess_cagr,sharpe_rf,sharpe_bench_rf,max_dd,ir,t_stat,nw_t,vs_spy_excess_cagr,vs_spy_ir,vs_spy_t_stat,vs_spy_nw_t
broad,honest,SPY QQQ IWM EFA EEM TLT SHV,2000-04-04,2025-04-04,6289,301,248,21,trading,retail,alt,0.9442824888049746,0.027000315899044836,0.20329605215642407,0.1328127900795128,-0.6066434828805365,4.216795408968853,0.0684306650665254,0.1932568144305512,0.3540918609683316,-0.5519695475840949,2.598292922828906,0.05264702405830257,0.16694721265624474,0.31535132105922753,-0.5584421029575879,24.999315537303218,0.02695329060740459,0.052554202559343066,-0.025600911951938476,0.14625814554081534,0.28522798434902774,-0.6066434828805365,-0.10126439536905596,-0.5063150456277236,-0.6927743948161877,-0.04135583421537481,-0.1803218444014161,-0.9015968795650097,-1.107686782964562
sector,honest,XLP XLY XLF XLV XLK TLT SHY,2000-04-04,2025-04-04,6289,301,258,21,trading,retail,twelvedata,1.8332032035297297,0.042612078530980924,0.2085070591302767,0.20436755814754737,-0.7273670690562472,4.216795408968853,0.0684306650665254,0.1932568144305512,0.3540918609683316,-0.5519695475840949,4.2426537676369325,0.06864237017370334,0.13607447124402422,0.5044470836164855,-0.3884920349160993,24.999315537303218,0.04253730512521514,0.06852044199504292,-0.025983136869827783,0.21942573564507453,0.4263711155501269,-0.7273670690562473,-0.06632295714147265,-0.33161024611728085,-0.4705423826866635,-0.025771819697564258,-0.09867452336370179,-0.49336586286924383,-0.5734503339068426
broad,honest,SPY QQQ IWM EFA EEM TLT SHV,2000-04-04,2025-04-04,6289,301,176,42,trading,retail,alt,2.66874100378176,0.05346516101248566,0.20288521287436548,0.2635241881604915,-0.5325370343605771,4.216795408968853,0.0684306650665254,0.1932568144305512,0.3540918609683316,-0.5519695475840949,2.2402744350313704,0.04823581426797263,0.16649767944999858,0.2897086279359135,-0.5717284187441245,24.999315537303218,0.05337086081738196,0.04815094674557896,0.005219914071803,0.2714500401638526,0.26035562171006926,-0.5325370343605771,0.06616704081616386,0.33083067516270076,0.3816377608587471,-0.01493826400539744,-0.058002110291421716,-0.2900065814018519,-0.37019407979343777
sector,honest,XLP XLY XLF XLV XLK TLT SHY,2000-04-04,2025-04-04,6289,301,200,42,trading,retail,twelvedata,3.3915912973166265,0.061084172910775614,0.18481328393342036,0.3305183026387941,-0.351394383384995,4.216795408968853,0.0684306650665254,0.1932568144305512,0.3540918609683316,-0.5519695475840949,3.985281335974787,0.06648904725080129,0.1363627423274112,0.48758954327245063,-0.38849203491610057,24.999315537303218,0.06097604992572636,0.06637106152851291,-0.005395011602786548,0.3178057882792976,0.41098581318193655,-0.35139438338499507,0.015781971947776294,0.07890877951437969,0.0020654467199242225,-0.007333074897053038,-0.04127024791389067,-0.20634841475559998,-0.24045257502941844
broad,honest,SPY QQQ IWM EFA EEM TLT SHV,2000-04-04,2025-04-04,6289,301,163,50,trading,retail,alt,2.8208706252705245,0.055181633768571325,0.19973918269467036,0.27626844680206925,-0.49176079942129064,4.216795408968853,0.0684306650665254,0.1932568144305512,0.3540918609683316,-0.5519695475840949,2.4026787309088644,0.05029197186931089,0.16740462033644557,0.30042164767158375,-0.5695371406005749,24.999315537303218,0.05508422768872112,0.050203400785764796,0.004880826902956326,0.2806848306319204,0.2715310007513129,-0.4917607994212906,0.06003983290610095,0.30019505499978183,0.33985878724348406,-0.013224897134058278,-0.05368291227361239,-0.2684108869478211,-0.3246051825420368
sector,honest,XLP XLY XLF XLV XLK TLT SHY,2000-04-04,2025-04-04,6289,301,180,50,trading,retail,twelvedata,4.38668328056003,0.06980352214830732,0.1852140701014925,0.37688023436911033,-0.36819809342983484,4.216795408968853,0.0684306650665254,0.1932568144305512,0.3540918609683316,-0.5519695475840949,4.1421036607656045,0.06781345022198382,0.13717086026201805,0.4943721289816904,-0.38849203491609974,24.999315537303218,0.06967946496008381,0.06769304057079872,0.001986424389285091,0.3616375802705118,0.4183983585084252,-0.3681980934298349,0.05671387548155104,0.2835654955279693,0.28663256362554823,0.0013703401373044155,-0.0013114730075850926,-0.00655727527187589,0.027015143017029786
broad,honest,SPY QQQ IWM EFA EEM TLT SHV,2000-04-04,2025-04-04,6289,301,152,55,trading,retail,alt,6.246893699320066,0.08259559291993734,0.20797077113735427,0.3971500055908678,-0.4558894428145006,4.216795408968853,0.0684306650665254,0.1932568144305512,0.3540918609683316,-0.5519695475840949,2.392165172050955,0.05016174437798582,0.16740257564663397,0.29964738705019106,-0.5695371406005749,24.999315537303218,0.0824479384595116,0.0500734080658205,0.03237453039369109,0.40089247721971943,0.2707924609307543,-0.4558894428145006,0.21678208179075284,1.083895570927371,1.4803698003553405,0.014138813636732195,0.07851063182206554,0.39254778531366746,0.6120182319411492
sector,honest,XLP XLY XLF XLV XLK TLT SHY,2000-04-04,2025-04-04,6289,301,173,55,trading,retail,twelvedata,4.253376600694861,0.06872986527262204,0.19820633395440554,0.34675917717358284,-0.4586585987253191,4.216795408968853,0.0684306650665254,0.1932568144305512,0.3540918609683316,-0.5519695475840949,4.1421036607656045,0.06781345022198382,0.13717086026201805,0.4943721289816904,-0.38849203491609974,24.999315537303218,0.06860777674425211,0.06769304057079872,0.0009147361734533899,0.345120732652478,0.4183983585084252,-0.4586585987253191,0.06384083478918007,0.3191998042489967,0.31160559243326263,0.0002986519214727146,0.005706126484744902,0.02853024185797902,0.0649521253423513
broad,honest,SPY QQQ IWM EFA EEM TLT SHV,2000-04-04,2025-04-04,6289,301,144,60,trading,retail,alt,7.841763735253405,0.09125885131660527,0.20877993921169907,0.43710545975430354,-0.4998327149837609,4.216795408968853,0.0684306650665254,0.1932568144305512,0.3540918609683316,-0.5519695475840949,2.392165172050955,0.05016174437798582,0.16740257564663397,0.29964738705019106,-0.5695371406005749,24.999315537303218,0.09109506845984705,0.0500734080658205,0.04102166039402655,0.43821820790877264,0.2707924609307543,-0.4998327149837609,0.26273900893204016,1.3136770610320483,1.8409360421929817,0.02278594363706765,0.11808279896587948,0.5904059124469737,0.8588703464122391
sector,honest,XLP XLY XLF XLV XLK TLT SHY,2000-04-04,2025-04-04,6289,301,162,60,trading,retail,twelvedata,6.580292079917389,0.08454851351783899,0.19569666366507407,0.43203860471806466,-0.4168907788862423,4.216795408968853,0.0684306650665254,0.1932568144305512,0.3540918609683316,-0.5519695475840949,4.1421036607656045,0.06781345022198382,0.13717086026201805,0.4943721289816904,-0.38849203491609974,24.999315537303218,0.08439723365252516,0.06769304057079872,0.016704193081726437,0.42247173899548374,0.4183983585084252,-0.41689077888624226,0.14583248202136334,0.7291524283491025,0.9581294165936142,0.016088108829745762,0.0755488481842773,0.3777390698491555,0.6379062865699029
broad,honest,SPY QQQ IWM EFA EEM TLT SHV,2000-04-04,2025-04-04,6289,301,137,63,trading,retail,alt,12.292578190353492,0.10923350830448775,0.2007047061099776,0.544249860512152,-0.5471448817412895,4.216795408968853,0.0684306650665254,0.1932568144305512,0.3540918609683316,-0.5519695475840949,2.4921538634416356,0.051384890565427055,0.1666137574774012,0.3084072488575662,-0.5695371406005749,24.999315537303218,0.10903588672224629,0.05129434809959177,0.05774153862265452,0.5290027175460215,0.2782609401017948,-0.5471448817412896,0.3285316547883501,1.6426357870215933,2.114826735758288,0.04072676189946689,0.18153793913566166,0.9076772699985196,1.2767979434074366
sector,honest,XLP XLY XLF XLV XLK TLT SHY,2000-04-04,2025-04-04,6289,301,165,63,trading,retail,twelvedata,11.524010515650172,0.10658948418142589,0.189027431365025,0.5638836829750611,-0.3984471834987912,4.216795408968853,0.0684306650665254,0.1932568144305512,0.3540918609683316,-0.5519695475840949,4.140446524587987,0.06779965912258157,0.136989540041353,0.49492581040942907,-0.38849203491610007,24.999315537303218,0.10639687172520707,0.06767927472646051,0.03871759699874655,0.5370030887380793,0.4186764313220728,-0.39844718349879116,0.26179771618426995,1.3089706617216155,1.8223559109118503,0.038087746902427666,0.17092044682884686,0.8545905351971615,1.4017700480967474
broad,honest,SPY QQQ IWM EFA EEM TLT SHV,2000-04-04,2025-04-04,6289,301,136,66,trading,retail,alt,12.100329223661447,0.108586172501272,0.20535133281685009,0.5287824092094813,-0.5245128302411756,4.216795408968853,0.0684306650665254,0.1932568144305512,0.3540918609683316,-0.5519695475840949,2.498602773883782,0.05146262062703921,0.166714303858353,0.30868749373037524,-0.5687422110134249,24.999315537303218,0.10838977830261975,0.05137193787919392,0.057017840423425836,0.5187154893456607,0.27863662254736943,-0.5245128302411756,0.33210509520401027,1.6605027445095537,2.153362270450952,0.040080653479840356,0.1845381758305788,0.9226782481166897,1.2683096948123302
sector,honest,XLP XLY XLF XLV XLK TLT SHY,2000-04-04,2025-04-04,6289,301,152,66,trading,retail,twelvedata,6.980013469015642,0.08678404073278001,0.1911019300537402,0.45412435504118287,-0.39361929808808926,4.216795408968853,0.0684306650665254,0.1932568144305512,0.3540918609683316,-0.5519695475840949,4.140446524587987,0.06779965912258157,0.136989540041353,0.49492581040942907,-0.38849203491610007,24.999315537303218,0.0866286034264796,0.06767927472646051,0.018949328700019086,0.4386285390759269,0.4186764313220728,-0.39361929808808926,0.15274355608016787,0.7637073256026485,0.9178162703131646,0.0183194786037002,0.08002609184748037,0.4001249817124461,0.6202451145416248
broad,honest,SPY QQQ IWM EFA EEM TLT SHV,2000-04-04,2025-04-04,6289,301,133,70,trading,retail,alt,9.107485167051633,0.09712475096094364,0.2044537533618244,0.4750450865485494,-0.5478937822464475,4.216795408968853,0.0684306650665254,0.1932568144305512,0.3540918609683316,-0.5519695475840949,2.484106828447555,0.05128770450414044,0.1673339603075568,0.30649907771186774,-0.5772563610136527,24.999315537303218,0.09694998050612713,0.0511973374193313,0.04575264308679583,0.4693502874254382,0.2772282418705536,-0.5478937822464474,0.2762721848057176,1.3813420140986896,1.8336722966684977,0.028640855683347732,0.134831523924304,0.6741483908435043,0.970166881776066
sector,honest,XLP XLY XLF XLV XLK TLT SHY,2000-04-04,2025-04-04,6289,301,147,70,trading,retail,twelvedata,5.7234657189314175,0.07934834278417591,0.19089386097011304,0.41566733671230494,-0.4916207627674569,4.216795408968853,0.0684306650665254,0.1932568144305512,0.3540918609683316,-0.5519695475840949,4.216131006057374,0.06842521226662313,0.1373586007797709,0.4981501841033623,-0.3884920349161007,24.999315537303218,0.07920670313945899,0.06830368201380388,0.01090302112565511,0.40294204945312845,0.4221781071717295,-0.4916207627674569,0.10728129561330386,0.5363991350117675,0.6704580221449864,0.01089757831667959,0.04597440286587269,0.22986886753144778,0.41264751712082354
broad,honest,SPY QQQ IWM EFA EEM TLT SHV,2000-04-04,2025-04-04,6289,301,121,80,trading,retail,alt,6.097385380735255,0.08169166004616168,0.20874787784183318,0.39134127202030233,-0.5588466920539366,4.216795408968853,0.0684306650665254,0.1932568144305512,0.3540918609683316,-0.5519695475840949,2.469368539056845,0.05110914644691622,0.16736959943928578,0.30536696400146635,-0.5772563610136527,24.999315537303218,0.08154568160273823,0.05101910154607392,0.03052658005666431,0.39618298941398095,0.27619120635909494,-0.5588466920539366,0.20515044357453055,1.025738175993955,1.3886998241191495,0.01323655677995883,0.07391859457991143,0.36958791341286773,0.5831742114740412
sector,honest,XLP XLY XLF XLV XLK TLT SHY,2000-04-04,2025-04-04,6289,301,149,80,trading,retail,twelvedata,3.4265275936755915,0.06142112713955106,0.18460314469221656,0.3327198311922406,-0.38353924462652844,4.216795408968853,0.0684306650665254,0.1932568144305512,0.3540918609683316,-0.5519695475840949,4.216131006057374,0.06842521226662313,0.1373586007797709,0.4981501841033623,-0.3884920349161007,24.999315537303218,0.061312390663244454,0.06830368201380388,-0.006991291350559425,0.3197817662196247,0.4221781071717295,-0.38353924462652844,0.006095760814071427,0.03047838683541272,-0.047601982858045774,-0.006996734159534945,-0.04013210680326419,-0.2006577871045142,-0.2311849282900453
broad,honest,SPY QQQ IWM EFA EEM TLT SHV,2000-04-04,2025-04-04,6289,301,132,90,trading,retail,alt,4.816226309184325,0.07309741524079083,0.20765551283695058,0.35201288057392593,-0.5274970789514517,4.216795408968853,0.0684306650665254,0.1932568144305512,0.3540918609683316,-0.5519695475840949,2.125691726984853,0.046724703236295406,0.1677143859813354,0.2785968714782482,-0.571295497117437,24.999315537303218,0.0729673068352159,0.04664255312401955,0.026324753711196358,0.35870921221794433,0.2510516811845602,-0.5274970789514517,0.18002160181543664,0.9000956871857381,1.1083945569559317,0.004658182012436507,0.033949494486310024,0.16974514869938986,0.2588302298891561
sector,honest,XLP XLY XLF XLV XLK TLT SHY,2000-04-04,2025-04-04,6289,301,135,90,trading,retail,twelvedata,2.7022245354170886,0.05384874285312469,0.18498705688232642,0.29109465148893543,-0.36943727716239433,4.216795408968853,0.0684306650665254,0.1932568144305512,0.3540918609683316,-0.5519695475840949,3.9056696704530705,0.0658013246215492,0.13739049558871044,0.4789365111436149,-0.3884920349160995,24.999315537303218,0.05375374899896079,0.06568459645987557,-0.011930847460914773,0.2808360327921517,0.40422457000418854,-0.3694372771623944,-0.021442474388343662,-0.10721090427428805,-0.23199715737868473,-0.014555375823818606,-0.07665891454592688,-0.38328932567698176,-0.47357653057409266
broad,honest,SPY QQQ IWM EFA EEM TLT SHV,2000-04-04,2025-04-04,6289,301,110,126,trading,retail,alt,3.8402870603173183,0.06522845901936614,0.20738275404594783,0.31453174261980377,-0.4127787934063736,4.216795408968853,0.0684306650665254,0.1932568144305512,0.3540918609683316,-0.5519695475840949,2.4106562249772057,0.050390528605192886,0.16564947393742013,0.3041997502764764,-0.5283504906564117,24.999315537303218,0.06511277781106983,0.050301779827221615,0.014810997983848218,0.32357903651038156,0.2732267030992056,-0.4127787934063736,0.12809504561702384,0.6404664603970704,0.6695786426218606,-0.003196347011709566,-0.0007606199813551756,-0.003803047844819164,0.00979524652246727
sector,honest,XLP XLY XLF XLV XLK TLT SHY,2000-04-04,2025-04-04,6289,301,127,126,trading,retail,twelvedata,1.9055916952446266,0.04366661861401,0.18825734360350446,0.23195174104856078,-0.4154608303101389,4.216795408968853,0.0684306650665254,0.1932568144305512,0.3540918609683316,-0.5519695475840949,4.010737086542687,0.06670672270341105,0.13663783096579657,0.4882009779568968,-0.3884920349161005,24.999315537303218,0.04358995635638929,0.06658833878409665,-0.022998382427707353,0.22783881066854797,0.4119084408210847,-0.4154608303101389,-0.08669365661167644,-0.43346234916036674,-0.591210108047683,-0.024719168466390107,-0.1331649553508678,-0.6658156620475062,-0.7435568768206207
broad,honest,SPY QQQ IWM EFA EEM TLT SHV,2000-04-04,2025-04-04,6289,301,94,189,trading,retail,alt,3.3366334893760285,0.0605488714521647,0.2035238988356044,0.2975025134570206,-0.4644017776213705,4.216795408968853,0.0684306650665254,0.1932568144305512,0.3540918609683316,-0.5519695475840949,2.502653162816397,0.051511370520364475,0.16186597807757616,0.31823469719916714,-0.5236647451925409,24.999315537303218,0.06044172271092085,0.05142059978694591,0.009021122923974945,0.30413526418026915,0.2824178825864583,-0.4644017776213706,0.09327533809480995,0.46637030608140506,0.46806224281458997,-0.007867402111858546,-0.026076641951142114,-0.13038142489462648,-0.13995599738262707
sector,honest,XLP XLY XLF XLV XLK TLT SHY,2000-04-04,2025-04-04,6289,301,104,189,trading,retail,twelvedata,2.182167760833736,0.04747603373719245,0.1895195227017849,0.2505073517512891,-0.34956507689567473,4.216795408968853,0.0684306650665254,0.1932568144305512,0.3540918609683316,-0.5519695475840949,4.015648291288779,0.06674859687028833,0.13542611784785225,0.4928783157269461,-0.38849203491610057,24.999315537303218,0.047392532985123026,0.06663013634118142,-0.019237603356058397,0.24682948892232415,0.41468302161258896,-0.34956507689567473,-0.06294096549567713,-0.3147005193745999,-0.4799973348985721,-0.020916591837656373,-0.11617911156218226,-0.5808876057296809,-0.6519243741221833
broad,honest,SPY QQQ IWM EFA EEM TLT SHV,2000-04-04,2025-04-04,6289,301,66,252,trading,retail,alt,4.578669254324849,0.07130579563027006,0.20401739420564527,0.3495084127895257,-0.3721034110841175,4.216795408968853,0.0684306650665254,0.1932568144305512,0.3540918609683316,-0.5519695475840949,3.26539810432483,0.059845248184876354,0.1586408762043845,0.3772372519411385,-0.467243469395307,24.999315537303218,0.07117898076737128,0.05973937932649487,0.011439601440876412,0.3533394935466349,0.33462243658529495,-0.3721034110841175,0.11005914862364292,0.5502882099284852,0.5822842541977081,0.0028698559445918814,0.02337683472418513,0.11688257355283994,0.14499781741211687
sector,honest,XLP XLY XLF XLV XLK TLT SHY,2000-04-04,2025-04-04,6289,301,84,252,trading,retail,twelvedata,5.381040522672787,0.07708994859657348,0.18231665459962368,0.4228354714267152,-0.359346033731128,4.216795408968853,0.0684306650665254,0.1932568144305512,0.3540918609683316,-0.5519695475840949,4.599981097562687,0.07146948773775974,0.13344746155006157,0.5355627368823994,-0.38849203491609974,24.999315537303218,0.07695248225145535,0.07134237217213135,0.005610110079323993,0.40196332009370783,0.4519099751457891,-0.35934603373112806,0.08302002649455203,0.4150944500227435,0.5034957802938896,0.008643357428675946,0.03177886713872349,0.15889216053381894,0.3385123775613216
