basket,mode,tickers,start,end,bars,rebalances,switches,lookback,month_end,fee,pw_total_return,pw_cagr,pw_ann_vol,pw_sharpe,pw_max_dd,spy_total_return,spy_cagr,spy_ann_vol,spy_sharpe,spy_max_dd,eq_total_return,eq_cagr,eq_ann_vol,eq_sharpe,eq_max_dd,years,cagr_net,cagr_bench,excess_cagr,sharpe_rf,sharpe_bench_rf,max_dd,ir,t_stat,nw_t,vs_spy_excess_cagr,vs_spy_ir,vs_spy_t_stat,vs_spy_nw_t
base,honest,MDY IEV EEM ILF EPP EDV SHY,2000-04-04,2025-04-04,6289,301,232,21,trading,retail,5.050449994023183,0.07479640117825159,0.22300277648193845,0.3354056947551482,-0.4077131098841053,4.216795408968853,0.0684306650665254,0.1932568144305512,0.3540918609683316,-0.5519695475840949,3.566302860339084,0.06274417666428334,0.16189651297283178,0.3875573075178746,-0.44905975439545626,24.999315537303218,0.07466316477829982,0.06263302954248084,0.012030135235818973,0.3560066737705028,0.3481146671744434,-0.40771310988410536,0.1103671473714911,0.5518281825862164,0.6493334340339117,0.0063540399555204186,0.048943552208912305,0.24471441101805816,0.3733447261536047
broad,honest,SPY QQQ IWM EFA EEM TLT SHV,2000-04-04,2025-04-04,6289,301,253,21,trading,retail,0.3762830016227172,0.012880043212192493,0.19416092360885195,0.06633694861351228,-0.6066434828805365,4.216795408968853,0.0684306650665254,0.1932568144305512,0.3540918609683316,-0.5519695475840949,2.0588981768892234,0.0458191083019186,0.1620074640477306,0.282820971065996,-0.5584421029575879,24.999315537303218,0.012857764568983354,0.04573858491531024,-0.03288082034632689,0.07254021934298831,0.24880469335755473,-0.6066434828805365,-0.15465288183435236,-0.773253823686451,-1.0269467461176487,-0.055451360253796045,-0.26011419471040087,-1.3005531695838237,-1.6576566037331504
sector,honest,XLP XLY XLF XLV XLK TLT SHY,2000-04-04,2025-04-04,6289,301,258,21,trading,retail,1.8332032035297297,0.042612078530980924,0.2085070591302767,0.20436755814754737,-0.7273670690562472,4.216795408968853,0.0684306650665254,0.1932568144305512,0.3540918609683316,-0.5519695475840949,4.2426537676369325,0.06864237017370334,0.13607447124402422,0.5044470836164855,-0.3884920349160993,24.999315537303218,0.04253730512521514,0.06852044199504292,-0.025983136869827783,0.21942573564507453,0.4263711155501269,-0.7273670690562473,-0.06632295714147265,-0.33161024611728085,-0.4705423826866635,-0.025771819697564258,-0.09867452336370179,-0.49336586286924383,-0.5734503339068426
vanguard,honest,VTI VEA VWO BND BIV VGSH,2001-06-15,2025-04-04,5987,287,178,21,trading,retail,3.850968963305136,0.06872838133172454,0.16960746995041345,0.40522024974382326,-0.39826857868308313,5.341644528841053,0.08085052653567937,0.19107433125233805,0.4231365144955338,-0.551969547584095,2.7877563622677735,0.05765686483640442,0.13480259078498255,0.42771332880664176,-0.3900414961946453,23.802874743326488,0.06859427502752546,0.057544939042659005,0.01104933598486646,0.38297885835072265,0.3652699876274284,-0.3982685786830831,0.13065368868023505,0.6374356975289178,0.8239234630957109,-0.0120976121210008,-0.09521920124902317,-0.46455724732630094,-0.5296898448016858
base,honest,MDY IEV EEM ILF EPP EDV SHY,2000-04-04,2025-04-04,6289,301,173,42,trading,retail,4.949323462741045,0.07407074509396905,0.22223748923991188,0.33329545499862767,-0.5448420517919056,4.216795408968853,0.0684306650665254,0.1932568144305512,0.3540918609683316,-0.5519695475840949,3.3738980979465145,0.060912542419808036,0.1620722891971366,0.3758356392789459,-0.45178875169768173,24.999315537303218,0.0739388452598535,0.06080473185116708,0.01313411340868642,0.35346198388929323,0.3372809535700472,-0.5448420517919056,0.11499779182453343,0.5749810878989196,0.6560161598146173,0.005629720437074104,0.04538251607225403,0.22690947407607484,0.3296400698397928
broad,honest,SPY QQQ IWM EFA EEM TLT SHV,2000-04-04,2025-04-04,6289,301,180,42,trading,retail,1.5343039773197846,0.037964746949874284,0.19247476010987055,0.19724532675454606,-0.5325370343605771,4.216795408968853,0.0684306650665254,0.1932568144305512,0.3540918609683316,-0.5519695475840949,1.7915054857603616,0.04199283297751788,0.16147261937359247,0.2600616323710016,-0.5717284187441245,24.999315537303218,0.03789827583980965,0.04191916788804684,-0.00402089204823719,0.19843506300673142,0.22642342983431996,-0.5325370343605771,0.009548699677144256,0.047742844808374575,-0.01599718542289249,-0.03041084898296975,-0.14076127448382597,-0.7037967377690302,-0.9439578280762426
sector,honest,XLP XLY XLF XLV XLK TLT SHY,2000-04-04,2025-04-04,6289,301,200,42,trading,retail,3.3915912973166265,0.061084172910775614,0.18481328393342036,0.3305183026387941,-0.351394383384995,4.216795408968853,0.0684306650665254,0.1932568144305512,0.3540918609683316,-0.5519695475840949,3.985281335974787,0.06648904725080129,0.1363627423274112,0.48758954327245063,-0.38849203491610057,24.999315537303218,0.06097604992572636,0.06637106152851291,-0.005395011602786548,0.3178057882792976,0.41098581318193655,-0.35139438338499507,0.015781971947776294,0.07890877951437969,0.0020654467199242225,-0.007333074897053038,-0.04127024791389067,-0.20634841475559998,-0.24045257502941844
vanguard,honest,VTI VEA VWO BND BIV VGSH,2001-06-15,2025-04-04,5987,287,130,42,trading,retail,3.5491001415750913,0.06584210378806765,0.16686375638298986,0.3945860096601518,-0.3799466780030102,5.341644528841053,0.08085052653567937,0.19107433125233805,0.4231365144955338,-0.551969547584095,3.0471078679210706,0.06060934876196811,0.13462357362277175,0.45021348884855306,-0.3900414961946454,23.802874743326488,0.06571380072536281,0.06049152926400447,0.005222271461358341,0.3703198730632816,0.38627397453027196,-0.3799466780030102,0.07957609899318471,0.388237382968158,0.47749176020949646,-0.01497808642316345,-0.11095790411353404,-0.5413435297495506,-0.5535432658659698
base,honest,MDY IEV EEM ILF EPP EDV SHY,2000-04-04,2025-04-04,6289,301,146,63,trading,retail,11.878568978222042,0.10782804304618065,0.2270372450156422,0.47493548047040307,-0.43575782441736816,4.216795408968853,0.0684306650665254,0.1932568144305512,0.3540918609683316,-0.5519695475840949,3.3534422627884073,0.060713280718236895,0.1626999444150275,0.37316104155121776,-0.4461017959723324,24.999315537303218,0.10763308547742434,0.060605832802927306,0.04702725267449703,0.48683795403187513,0.3354468094155709,-0.4357578244173682,0.26144005299503337,1.3071823702563112,1.5379361728383172,0.03932396065464494,0.16920733344510622,0.8460250855354816,1.0543885248460567
broad,honest,SPY QQQ IWM EFA EEM TLT SHV,2000-04-04,2025-04-04,6289,301,141,63,trading,retail,7.5130980679269825,0.08960372071162848,0.19079048678698127,0.46964459402879755,-0.5471448817412895,4.216795408968853,0.0684306650665254,0.1932568144305512,0.3540918609683316,-0.5519695475840949,2.0099151061381892,0.045142843593522386,0.1616112565536373,0.2793298224158036,-0.5695371406005749,24.999315537303218,0.08944302835924489,0.04506353410793085,0.044379494251314044,0.4527328042578687,0.2450100067632593,-0.5471448817412896,0.26736677231786693,1.3368155612058734,1.6615011057473914,0.021133903536465493,0.09088694078330961,0.4544284830019088,0.7088096628145477
sector,honest,XLP XLY XLF XLV XLK TLT SHY,2000-04-04,2025-04-04,6289,301,165,63,trading,retail,11.524010515650172,0.10658948418142589,0.189027431365025,0.5638836829750611,-0.3984471834987912,4.216795408968853,0.0684306650665254,0.1932568144305512,0.3540918609683316,-0.5519695475840949,4.140446524587987,0.06779965912258157,0.136989540041353,0.49492581040942907,-0.38849203491610007,24.999315537303218,0.10639687172520707,0.06767927472646051,0.03871759699874655,0.5370030887380793,0.4186764313220728,-0.39844718349879116,0.26179771618426995,1.3089706617216155,1.8223559109118503,0.038087746902427666,0.17092044682884686,0.8545905351971615,1.4017700480967474
vanguard,honest,VTI VEA VWO BND BIV VGSH,2001-06-15,2025-04-04,5987,287,99,63,trading,retail,8.129146999807293,0.09755339465896751,0.16377317733845306,0.5956616110424725,-0.3338668557308016,5.341644528841053,0.08085052653567937,0.19107433125233805,0.4231365144955338,-0.551969547584095,3.3528108401188472,0.06386515757602451,0.13410819440172334,0.47622114264483617,-0.3903299394445309,23.802874743326488,0.09736053256396215,0.06374082092884348,0.033619711635118676,0.5531203637288931,0.4100800123248965,-0.33386685573080166,0.2946376164326856,1.43748359840558,1.8935792413215764,0.01666864541543589,0.0631225366224111,0.30796343041012175,0.48735114277369823
base,honest,MDY IEV EEM ILF EPP EDV SHY,2000-04-04,2025-04-04,6289,301,91,126,trading,retail,7.38476003655801,0.08894071477034404,0.23070174472027624,0.38552250603125626,-0.3937566175193552,4.216795408968853,0.0684306650665254,0.1932568144305512,0.3540918609683316,-0.5519695475840949,3.0264255291966746,0.05739952041461871,0.1632847623352467,0.3515301709339502,-0.44799143918025863,24.999315537303218,0.08878125919095803,0.05729809407030784,0.03148316512065019,0.4083295763139163,0.3156735970309182,-0.3937566175193552,0.20019151694942697,1.0009438822907895,1.2479917009729335,0.02047213436817863,0.10529624518311416,0.526474018731046,0.7445313645271749
broad,honest,SPY QQQ IWM EFA EEM TLT SHV,2000-04-04,2025-04-04,6289,301,118,126,trading,retail,2.1810213756234615,0.04746091046918188,0.1923045259977022,0.2468007979684731,-0.4127787642156162,4.216795408968853,0.0684306650665254,0.1932568144305512,0.3540918609683316,-0.5519695475840949,1.9976821365131414,0.04497230571877786,0.16060524548360647,0.2800176643257168,-0.5283504906564117,24.999315537303218,0.04737743691278706,0.04489330223164267,0.00248413468114439,0.24582577686341947,0.2445410135729399,-0.4127787642156162,0.04906554453727467,0.24532436430989304,0.19763666802907676,-0.020931687909992336,-0.1048818782156128,-0.5244022122556066,-0.602349038125023
sector,honest,XLP XLY XLF XLV XLK TLT SHY,2000-04-04,2025-04-04,6289,301,127,126,trading,retail,1.9055916952446266,0.04366661861401,0.18825734360350446,0.23195174104856078,-0.4154608303101389,4.216795408968853,0.0684306650665254,0.1932568144305512,0.3540918609683316,-0.5519695475840949,4.010737086542687,0.06670672270341105,0.13663783096579657,0.4882009779568968,-0.3884920349161005,24.999315537303218,0.04358995635638929,0.06658833878409665,-0.022998382427707353,0.22783881066854797,0.4119084408210847,-0.4154608303101389,-0.08669365661167644,-0.43346234916036674,-0.591210108047683,-0.024719168466390107,-0.1331649553508678,-0.6658156620475062,-0.7435568768206207
vanguard,honest,VTI VEA VWO BND BIV VGSH,2001-06-15,2025-04-04,5987,287,69,126,trading,retail,4.345796201316415,0.07310671798751978,0.17078180925647707,0.4280708718674447,-0.3555530360018493,5.341644528841053,0.08085052653567937,0.19107433125233805,0.4231365144955338,-0.551969547584095,2.954570974366757,0.059577256559753655,0.13489369017391223,0.4416608106942841,-0.3789217189759543,23.802874743326488,0.07296378043602392,0.05946149907152565,0.01350228136449827,0.405712570295497,0.37855582408859484,-0.3555530360018493,0.1526372926333287,0.7446897219777475,0.8861293987788538,-0.007728106712502347,-0.06778710074019874,-0.33072099441099273,-0.33266227043165847
base,honest,MDY IEV EEM ILF EPP EDV SHY,2000-04-04,2025-04-04,6289,301,81,189,trading,retail,2.5478467354720093,0.052051673274162935,0.22813444537688332,0.22816227154199525,-0.5923893956918234,4.216795408968853,0.0684306650665254,0.1932568144305512,0.3540918609683316,-0.5519695475840949,3.096560437426331,0.058131447195606256,0.1662532155653643,0.3496560773150955,-0.4735446679498162,24.999315537303218,0.051959927123169436,0.05802869236787922,-0.006068765244709784,0.2593889218816652,0.31707239961737455,-0.5923893956918234,0.030107785450733237,0.15053686647395845,0.12980926976086904,-0.016349197699609963,-0.031768639905374846,-0.15884102506709646,-0.12051162259577536
broad,honest,SPY QQQ IWM EFA EEM TLT SHV,2000-04-04,2025-04-04,6289,301,98,189,trading,retail,1.5478411604269824,0.03818634205694926,0.18798214288121642,0.20313813573813091,-0.4904130522197205,4.216795408968853,0.0684306650665254,0.1932568144305512,0.3540918609683316,-0.5519695475840949,2.2468001303049765,0.04832032337017722,0.15575643449085627,0.3102300301629842,-0.5236647451925409,24.999315537303218,0.038119475884201615,0.048235303765833626,-0.010115827881632011,0.19979308875872742,0.2678070105279314,-0.49041305221972054,-0.0252234710651569,-0.12611562886146466,-0.22290191782972008,-0.030189648938577784,-0.14809682328764734,-0.7404739796937487,-0.9038882933527039
sector,honest,XLP XLY XLF XLV XLK TLT SHY,2000-04-04,2025-04-04,6289,301,104,189,trading,retail,2.182167760833736,0.04747603373719245,0.1895195227017849,0.2505073517512891,-0.34956507689567473,4.216795408968853,0.0684306650665254,0.1932568144305512,0.3540918609683316,-0.5519695475840949,4.015648291288779,0.06674859687028833,0.13542611784785225,0.4928783157269461,-0.38849203491610057,24.999315537303218,0.047392532985123026,0.06663013634118142,-0.019237603356058397,0.24682948892232415,0.41468302161258896,-0.34956507689567473,-0.06294096549567713,-0.3147005193745999,-0.4799973348985721,-0.020916591837656373,-0.11617911156218226,-0.5808876057296809,-0.6519243741221833
vanguard,honest,VTI VEA VWO BND BIV VGSH,2001-06-15,2025-04-04,5987,287,75,189,trading,retail,1.7848735107781875,0.04405263815867455,0.16717893993880345,0.26350590675356717,-0.33705401652630795,5.341644528841053,0.08085052653567937,0.19107433125233805,0.4231365144955338,-0.551969547584095,2.4438697046506577,0.05342819792479636,0.13663177344981992,0.39103787190772776,-0.44212896195629725,23.802874743326488,0.04396766761045279,0.053324686273217736,-0.009357018662764949,0.24654725962376345,0.33289766204575055,-0.33705401652630795,-0.036951601047896465,-0.1802801729266401,-0.35126021082750053,-0.03672421953807348,-0.2427762768331424,-1.184461509887846,-1.4935160682715227
base,honest,MDY IEV EEM ILF EPP EDV SHY,2000-04-04,2025-04-04,6289,301,71,252,trading,retail,4.917244488385219,0.0738380800234244,0.22664349587987628,0.32578953892662976,-0.49103905564066536,4.216795408968853,0.0684306650665254,0.1932568144305512,0.3540918609683316,-0.5519695475840949,3.1784371430556373,0.058970844216199136,0.16874894914222613,0.3494590308025974,-0.5009826706780297,24.999315537303218,0.07370660855061817,0.058866564772037666,0.014840043778580503,0.35003892536896175,0.31957452976892486,-0.4910390556406653,0.12418189133378406,0.6209009568235182,0.7356199007043389,0.00539748372783877,0.05016666182964093,0.25082987540383733,0.3388237207707135
broad,honest,SPY QQQ IWM EFA EEM TLT SHV,2000-04-04,2025-04-04,6289,301,72,252,trading,retail,1.7115286048553067,0.04077985306370291,0.1861557384056004,0.21906309960131784,-0.3721034110841175,4.216795408968853,0.0684306650665254,0.1932568144305512,0.3540918609683316,-0.5519695475840949,2.941038166810381,0.05649171725341584,0.15199956722123437,0.3716570927546953,-0.467243469395307,24.999315537303218,0.04070835711730947,0.05639193740925563,-0.015683580291946164,0.2133349559720118,0.3216590190057335,-0.3721034110841175,-0.05651184935849033,-0.28255537874069486,-0.41716928188812963,-0.02760076770546993,-0.13708769212580585,-0.6854290774236594,-0.8315418646570045
sector,honest,XLP XLY XLF XLV XLK TLT SHY,2000-04-04,2025-04-04,6289,301,84,252,trading,retail,5.381040522672787,0.07708994859657348,0.18231665459962368,0.4228354714267152,-0.359346033731128,4.216795408968853,0.0684306650665254,0.1932568144305512,0.3540918609683316,-0.5519695475840949,4.599981097562687,0.07146948773775974,0.13344746155006157,0.5355627368823994,-0.38849203491609974,24.999315537303218,0.07695248225145535,0.07134237217213135,0.005610110079323993,0.40196332009370783,0.4519099751457891,-0.35934603373112806,0.08302002649455203,0.4150944500227435,0.5034957802938896,0.008643357428675946,0.03177886713872349,0.15889216053381894,0.3385123775613216
vanguard,honest,VTI VEA VWO BND BIV VGSH,2001-06-15,2025-04-04,5987,287,55,252,trading,retail,4.663186029140094,0.07571501869332664,0.1675661607577328,0.451851485711339,-0.2771243601810501,5.341644528841053,0.08085052653567937,0.19107433125233805,0.4231365144955338,-0.551969547584095,3.0041944556153037,0.06013356422085203,0.13686359166007023,0.43936859680116025,-0.42365007342228456,23.802874743326488,0.07556680410788363,0.060016695524683694,0.01555010858319994,0.4245408011058319,0.3788832359410366,-0.27712436018105013,0.16654553264167504,0.8125455074566998,0.9599303467541371,-0.005125083040642631,-0.05552463618116599,-0.27089464944846325,-0.28938129534063983
