symbol,first_bar,last_bar,n_bars,span_years,entry,tradable_years,dv_rank_window,dv_med_held,dv_min_year,dv_p10_year,dv_last5y,spread_cs_bps,spread_roll_bps,tick_bps,stale_pct,zerovol_pct,vol_ann_pct,maxdd_pct,reject,passes,score,rank,selected
SPY,1993-01-29,2026-08-07,6689,26.59,2000-01-03,26.59,26250.8,16195.9,615.0,2282.4,34370.8,2.5,70.9,0.14,0.31,0.0,19.3,-55.2,,True,26250.8,1,True
QQQ,1999-03-10,2026-08-07,6689,26.59,2000-01-03,26.59,12656.2,3777.5,1915.7,2210.5,19249.6,5.6,80.8,0.95,0.55,0.0,26.8,-83.0,,True,12656.2,2,True
IWM,2000-05-26,2026-08-07,6230,26.2,2001-11-01,24.76,4498.5,3275.8,5.7,103.4,5903.6,7.4,79.4,0.16,0.24,0.0,23.7,-58.6,,True,4498.5,3,True
TLT,2002-07-30,2026-08-07,5732,24.02,2003-10-24,22.79,1636.2,671.2,6.4,46.2,2468.1,0.0,31.4,0.08,0.45,0.0,14.4,-48.4,,True,1636.2,4,True
XLF,1998-12-22,2026-08-07,5766,26.59,2003-09-08,22.91,1457.5,966.9,4.2,22.0,1680.0,6.8,118.7,0.18,1.47,0.0,28.5,-82.7,,True,1457.5,5,True
GLD,2004-11-18,2026-08-07,5463,21.72,2004-11-18,21.72,1271.9,1114.9,72.8,301.3,1570.1,0.0,25.6,0.79,0.37,0.0,18.2,-45.6,,True,1271.9,6,True
EFA,2001-08-27,2026-08-07,5702,24.94,2003-12-08,22.66,1154.4,794.1,8.5,29.9,1165.1,0.0,85.9,0.14,0.81,0.0,20.7,-61.1,,True,1154.4,7,True
DIA,1998-01-20,2026-08-07,6689,26.59,2000-01-03,26.59,1031.2,698.4,69.6,379.5,1326.4,1.6,72.0,0.12,0.45,0.0,18.4,-51.9,,True,1031.2,8,True
XLV,1998-12-22,2026-08-07,5070,26.59,2006-06-13,20.15,946.3,500.8,0.3,1.5,1211.2,4.8,59.2,0.16,1.12,0.0,17.0,-39.2,,True,946.3,9,True
XLE,1998-12-22,2026-08-07,5400,26.59,2005-02-18,21.46,938.9,541.8,1.5,2.0,1392.1,0.0,88.3,0.14,0.46,0.0,29.8,-65.3,,True,938.9,10,True
XLI,1998-12-22,2026-08-07,5042,26.59,2006-07-24,20.04,902.5,545.8,0.3,2.0,1079.3,0.0,61.6,0.21,0.71,0.0,21.3,-62.3,,True,902.5,11,False
SMH,2000-06-05,2026-08-07,6529,26.17,2000-08-21,25.96,835.8,344.5,30.6,61.9,1463.5,0.0,96.6,0.89,0.6,0.0,34.9,-85.3,,True,835.8,12,False
XLU,1998-12-22,2026-08-07,5046,26.59,2006-07-18,20.05,658.4,340.7,0.1,1.4,804.3,12.1,71.2,0.22,0.97,0.0,19.0,-44.2,,True,658.4,13,False
MDY,1995-05-04,2026-08-07,6689,26.59,2000-01-03,26.59,365.4,316.8,48.1,77.7,417.7,0.0,68.3,0.15,0.34,0.0,22.0,-55.3,,True,365.4,14,False
SLV,2006-04-28,2026-08-07,5101,20.28,2006-04-28,20.28,359.5,220.0,45.5,81.6,504.7,0.0,,1.1,1.61,0.0,33.3,-76.3,,True,359.5,15,False
XLB,1998-12-22,2026-08-07,5229,26.59,2005-10-24,20.79,346.4,216.0,0.3,2.0,439.4,0.0,61.1,0.21,0.92,0.0,23.4,-58.9,,True,346.4,16,False
EWJ,1996-03-18,2026-08-07,5683,26.59,2004-01-07,22.58,335.8,245.4,2.9,13.0,341.8,0.0,80.7,0.16,2.15,0.0,20.5,-54.5,,True,335.8,17,False
TQQQ,2010-02-11,2026-08-07,4066,16.48,2010-06-09,16.16,3059.1,678.2,26.6,70.2,4299.6,0.0,209.5,0.25,0.25,0.0,61.2,-81.6,leveraged/inverse/roll-decay product; only 16.2y tradable,False,3059.1,0,False
HYG,2007-04-11,2026-08-07,4142,19.32,2010-02-19,16.46,1719.4,800.3,0.6,17.3,2348.8,0.0,,0.09,1.55,0.0,8.2,-22.0,only 16.5y tradable,False,1719.4,0,False
EEM,2008-01-02,2026-08-07,4301,18.6,2009-07-02,17.1,1625.7,1675.4,0.0,1080.8,1295.4,0.0,83.2,0.09,0.74,0.0,21.9,-39.8,only 17.1y tradable,False,1625.7,0,False
LQD,2002-07-30,2026-08-07,4374,24.02,2009-03-19,17.39,1485.0,486.4,3.5,4.4,2253.8,0.0,,0.08,0.96,0.0,7.6,-25.0,only 17.4y tradable,False,1485.0,0,False
SQQQ,2010-02-11,2026-08-07,3775,16.48,2011-08-03,15.01,961.3,337.6,17.2,39.9,2186.2,0.0,235.3,0.04,0.77,0.0,62.2,-100.0,leveraged/inverse/roll-decay product; only 15.0y tradable,False,961.3,0,False
XLK,1998-12-22,2026-08-07,4974,26.59,2006-10-27,19.78,933.5,382.7,5.3,10.4,1214.3,0.0,97.7,0.29,1.09,0.0,23.3,-52.5,only 19.8y tradable,False,933.5,0,False
GDX,2006-05-22,2026-08-07,4822,20.21,2007-06-08,19.16,841.8,678.1,18.1,139.0,758.8,0.0,84.6,0.18,0.6,0.0,41.7,-80.6,only 19.2y tradable,False,841.8,0,False
FXI,2004-10-08,2026-08-07,4998,21.83,2006-09-25,19.87,838.3,662.7,6.3,70.4,973.8,0.0,149.2,0.09,0.72,0.0,33.6,-72.7,only 19.9y tradable,False,838.3,0,False
XLP,1998-12-22,2026-08-07,4873,26.59,2007-03-27,19.36,686.8,395.7,0.6,1.5,854.2,6.1,56.5,0.18,1.56,0.0,14.6,-32.4,only 19.4y tradable,False,686.8,0,False
XBI,2006-02-06,2026-08-07,3228,20.5,2013-10-07,12.83,634.6,524.3,0.3,8.7,852.6,18.9,81.8,0.19,0.31,0.0,32.9,-63.9,only 12.8y tradable,False,634.6,0,False
SOXL,2010-03-11,2026-08-07,2256,16.41,2017-08-16,8.97,627.5,905.6,6.4,8.9,1825.4,0.0,433.1,0.46,0.66,0.0,106.4,-90.5,leveraged/inverse/roll-decay product; only 9.0y tradable,False,627.5,0,False
VTI,2001-06-15,2026-08-07,4744,25.14,2007-09-28,18.86,607.4,272.0,5.8,8.0,813.9,0.0,78.2,0.25,0.44,0.0,20.0,-55.5,only 18.9y tradable,False,607.4,0,False
XLY,1998-12-22,2026-08-07,4916,26.59,2007-01-24,19.53,599.0,346.4,0.4,1.6,812.3,0.0,64.0,0.3,0.71,0.0,22.7,-58.0,only 19.5y tradable,False,599.0,0,False
EWZ,2000-07-14,2026-08-07,4985,26.06,2006-10-12,19.82,584.1,486.7,0.0,0.1,610.8,0.0,133.1,0.09,0.54,0.0,39.5,-74.9,only 19.8y tradable,False,584.1,0,False
AGG,2003-09-29,2026-08-07,4646,22.86,2008-02-20,18.46,538.3,229.5,1.7,7.6,695.7,0.0,14.5,0.05,1.38,0.0,5.4,-18.4,only 18.5y tradable,False,538.3,0,False
IEF,2002-07-30,2026-08-07,4478,24.02,2008-10-17,17.8,479.8,206.6,4.5,8.6,656.5,0.0,14.1,0.04,0.8,0.0,6.9,-23.9,only 17.8y tradable,False,479.8,0,False
SPXL,2008-11-05,2026-08-07,4465,17.75,2008-11-05,17.75,469.5,211.4,58.2,64.3,708.7,0.0,207.7,0.37,0.49,0.0,54.9,-76.9,leveraged/inverse/roll-decay product; only 17.8y tradable,False,469.5,0,False
VNQ,2004-09-29,2026-08-07,4474,21.85,2008-10-23,17.79,318.1,231.7,0.3,2.6,342.6,11.0,149.3,0.19,0.51,0.0,28.3,-48.8,only 17.8y tradable,False,318.1,0,False
UPRO,2009-06-25,2026-08-07,4306,17.12,2009-06-25,17.12,313.1,225.0,123.1,140.4,394.5,0.0,200.4,0.28,0.3,0.0,51.2,-76.8,leveraged/inverse/roll-decay product; only 17.1y tradable,False,313.1,0,False
XLC,2018-06-19,2026-08-07,1952,8.13,2018-10-30,7.77,304.0,312.6,77.3,118.0,413.6,0.0,93.0,0.3,0.61,0.0,22.3,-46.7,only 7.8y tradable,False,304.0,0,False
RSP,2003-05-01,2026-08-07,3292,23.27,2013-07-08,13.08,285.1,131.2,1.3,7.9,838.3,0.0,59.3,0.25,0.52,0.0,17.4,-39.0,only 13.1y tradable,False,285.1,0,False
VXX,2018-01-25,2026-08-07,1795,8.53,2019-06-18,7.14,271.5,310.3,0.4,65.6,203.8,0.0,240.1,0.91,0.56,0.0,73.1,-99.5,leveraged/inverse/roll-decay product; only 7.1y tradable,False,271.5,0,False
USO,2006-04-10,2026-08-07,5114,20.33,2006-04-10,20.33,271.3,286.6,62.7,168.9,297.0,0.0,,0.88,0.61,0.0,37.2,-98.2,leveraged/inverse/roll-decay product,False,271.3,0,False
VTV,2004-01-30,2026-08-07,3345,22.52,2013-04-22,13.29,251.0,177.9,0.2,2.9,363.0,0.0,63.8,0.21,0.66,0.0,15.8,-36.8,only 13.3y tradable,False,251.0,0,False
IAU,2005-01-28,2026-08-07,4550,21.52,2008-07-08,18.08,234.1,122.3,2.6,11.5,282.2,0.0,13.3,1.43,2.88,0.0,18.0,-45.1,only 18.1y tradable,False,234.1,0,False
SHY,2002-07-30,2026-08-07,5056,24.02,2006-07-03,20.1,221.5,103.5,4.5,13.2,299.6,0.0,5.4,0.02,8.68,0.0,1.5,-5.7,8.7% flat closes,False,221.5,0,False
TIP,2003-12-05,2026-08-07,4555,22.67,2008-06-30,18.1,188.1,97.7,4.4,8.2,267.4,0.0,,0.04,1.43,0.0,6.2,-14.6,only 18.1y tradable,False,188.1,0,False
VUG,2004-01-30,2026-08-07,3291,22.52,2013-07-09,13.08,185.2,130.7,0.1,2.2,320.4,0.0,76.7,0.4,0.52,0.0,20.2,-34.2,only 13.1y tradable,False,185.2,0,False
USMV,2011-10-20,2026-08-07,2802,14.8,2015-06-17,11.14,174.8,165.3,0.0,6.0,187.3,3.4,58.7,0.21,0.86,0.0,14.4,-33.1,only 11.1y tradable,False,174.8,0,False
VGK,2005-03-10,2026-08-07,3976,21.41,2010-10-15,15.81,172.0,146.1,0.6,7.5,197.8,0.0,81.2,0.17,0.65,0.0,20.0,-37.3,only 15.8y tradable,False,172.0,0,False
XLRE,2015-10-08,2026-08-07,2363,10.83,2017-03-15,9.4,156.2,163.9,0.0,4.3,217.1,8.9,74.8,0.17,1.27,0.0,20.8,-38.8,only 9.4y tradable,False,156.2,0,False
ITB,2006-05-05,2026-08-07,3495,20.26,2012-09-12,13.9,147.7,122.7,1.7,4.2,199.1,14.0,28.7,0.25,0.86,0.0,28.5,-52.1,only 13.9y tradable,False,147.7,0,False
INDA,2012-02-03,2026-08-07,2808,14.51,2015-06-09,11.16,139.4,126.9,0.1,5.0,193.9,0.0,116.7,0.22,1.1,0.0,21.2,-45.1,only 11.2y tradable,False,139.4,0,False
SVXY,2011-10-04,2026-08-07,3452,14.84,2012-11-14,13.73,135.1,125.9,2.5,40.9,109.4,0.0,,1.1,0.38,0.0,53.5,-95.2,leveraged/inverse/roll-decay product; only 13.7y tradable,False,135.1,0,False
SPLV,2011-05-05,2026-08-07,2928,15.26,2014-12-15,11.64,123.6,111.9,4.8,17.6,147.4,1.1,70.1,0.16,1.37,0.0,15.2,-36.3,only 11.6y tradable,False,123.6,0,False
QUAL,2013-07-18,2026-08-07,1944,13.05,2018-11-09,7.74,114.2,141.3,1.1,1.7,171.0,0.0,85.3,0.39,0.46,0.0,19.7,-34.1,only 7.7y tradable,False,114.2,0,False
MTUM,2013-04-18,2026-08-07,2190,13.3,2017-11-17,8.72,103.4,116.3,0.3,1.9,132.2,0.0,90.1,0.24,0.32,0.0,23.0,-34.1,only 8.7y tradable,False,103.4,0,False
UNG,2007-04-18,2026-08-07,4727,19.3,2007-10-23,18.79,89.5,101.3,33.1,46.7,126.3,0.0,131.7,0.85,1.31,0.0,49.3,-99.9,leveraged/inverse/roll-decay product; only 18.8y tradable,False,89.5,0,False
VLUE,2013-04-18,2026-08-07,1911,13.3,2018-12-31,7.6,36.5,45.9,0.0,0.1,46.8,0.0,87.3,0.26,0.26,0.0,21.8,-39.5,only 7.6y tradable,False,36.5,0,False
DBC,2008-01-02,2026-08-07,4681,18.6,,18.6,23.4,27.5,0.0,12.6,26.2,0.0,,0.23,1.84,5.4,19.3,-76.4,leveraged/inverse/roll-decay product; never clears $20M/day; 5.4% zero-volume bars,False,23.4,0,False
SPHB,2011-05-05,2026-08-07,1324,15.26,2021-04-30,5.27,19.7,33.3,0.3,1.0,33.1,0.0,36.4,0.26,0.38,0.0,27.7,-31.5,only 5.3y tradable,False,19.7,0,False
PPLT,2010-01-08,2026-08-07,219,16.58,2025-09-24,0.87,9.3,59.4,2.8,3.8,13.1,0.0,219.6,1.16,0.91,0.0,53.2,-44.0,only 0.9y tradable; illiquid now ($13M/day),False,9.3,0,False
DBA,2007-01-05,2026-08-07,4928,19.59,,19.59,9.2,12.2,3.8,5.9,11.2,0.0,34.1,0.28,2.05,0.0,16.7,-68.0,leveraged/inverse/roll-decay product; never clears $20M/day; illiquid now ($11M/day),False,9.2,0,False
COPX,2010-04-20,2026-08-07,513,16.3,2024-07-23,2.04,8.7,88.9,0.1,0.2,28.3,0.0,117.0,1.62,0.19,0.0,41.7,-34.8,only 2.0y tradable,False,8.7,0,False
PALL,2010-01-08,2026-08-07,169,16.58,2025-12-04,0.67,4.7,29.0,1.4,1.8,7.8,0.0,304.4,2.87,0.0,0.0,55.2,-43.2,only 0.7y tradable; illiquid now ($8M/day),False,4.7,0,False
WEAT,2011-09-19,2026-08-07,3743,14.88,,14.88,2.2,1.2,0.0,0.1,4.4,0.0,63.2,2.88,4.17,0.19,26.4,-84.3,leveraged/inverse/roll-decay product; never clears $20M/day; illiquid now ($4M/day),False,2.2,0,False
CORN,2010-06-09,2026-08-07,4066,16.16,,16.16,1.5,1.8,0.9,1.0,1.7,0.0,40.8,4.71,2.09,0.0,21.8,-78.1,leveraged/inverse/roll-decay product; never clears $20M/day; illiquid now ($2M/day),False,1.5,0,False
UGA,2008-02-28,2026-08-07,4640,18.44,,18.44,1.3,1.5,0.5,0.8,1.7,0.0,23.6,2.4,0.6,0.0,36.2,-86.6,leveraged/inverse/roll-decay product; never clears $20M/day; illiquid now ($2M/day),False,1.3,0,False
