class,tf,rule,symbol,ir,ir_gross,cagr,bench_cagr,excess_cagr,max_dd,bench_dd,mar,bench_mar,vol,bench_vol,long_frac,turnover_yr,years,spread_bps,in_bps,out_bps,t_years,n_years,years_positive
us_stocks,1d,ibs,AAPL,-0.16899226480464102,-0.15659567763425528,0.1990305041807945,0.20383726051326567,-0.004806756332471185,-0.6441239293348291,-0.8180144825485205,0.3089941160644791,0.2491853932441533,0.31345183198645826,0.4343362391638514,0.48562527814864265,57.510465180254734,44.58319006747153,15.524437888921492,19.156277284001295,3.6318393950798,2.2084561857989864,45,0.7111111111111111
us_stocks,1d,ibs,MSFT,-0.007537508073803678,0.009580561079254292,0.26024732610762635,0.22969511657674668,0.03055220953087967,-0.5899947111873514,-0.7448300974535446,0.4411011169640561,0.3083859223224702,0.24013457008097347,0.33176702705915917,0.45391635743656605,60.68646361964948,39.58049055312335,23.26973548305476,23.110453361710835,-0.15928212134392766,4.422311522427926,40,0.8
us_stocks,1d,ibs,AMZN,-0.36107321714706553,-0.3503487428289415,0.19700064119148708,0.2789109146125326,-0.08191027342104551,-0.7120864090478445,-0.944042126811601,0.2766527189514872,0.29544329293283095,0.3955489261506279,0.5372205277940668,0.4406732507998331,59.89993222439464,28.581000619275773,14.441483125449091,23.498836131691142,9.05735300624205,2.5067762666785005,29,0.6896551724137931
us_stocks,1d,ibs,NVDA,-0.2903151566441468,-0.2804951081935075,0.28874450743839764,0.3373619656742499,-0.048617458235852284,-0.8256632476150771,-0.8972243189876287,0.34971219594966135,0.37600626569608353,0.436143770504766,0.5861468002970952,0.46776364996260283,59.147428476820004,26.57765587587751,21.682001693758437,29.89103891676621,8.20903722300777,2.943609016598004,27,0.7037037037037037
us_stocks,1d,ibs,GOOGL,-0.3047701863782106,-0.28790336525166643,0.17234890223448796,0.22380410512238624,-0.05145520288789829,-0.5475701231323074,-0.6529478569615115,0.3147522024185456,0.34275953697720546,0.20692994766886222,0.3021979697082325,0.4453858905875852,57.09004592956732,21.579944103039143,11.869242379036702,16.416077389446304,4.546835010409603,2.3968540045499416,22,0.6818181818181818
us_stocks,1d,ibs,META,-0.12357959813441867,-0.10901491137595752,0.2604964132129135,0.2568884522720689,0.00360796094084459,-0.44165223732864656,-0.767360916089979,0.5898224693449711,0.33476874686428093,0.27360287948099904,0.38377359791877913,0.45930913348946134,60.55257540185071,13.591494573736101,21.472768588414844,23.632495373426035,2.1597267850111916,2.1857615278854037,14,0.7142857142857143
us_stocks,1d,ibs,TSLA,-0.5946997815837181,-0.5853374370231971,0.19143682581357035,0.3963510153790619,-0.20491418956549157,-0.7276312272155755,-0.7363221747932771,0.2630959456566222,0.5382847739039472,0.40113859384437967,0.5680508276952779,0.46248085758039814,57.453868884843374,15.577715084668661,4.785407455298971,22.226253161950908,17.440845706651935,0.5675465963640304,16,0.4375
us_stocks,1d,ibs,JPM,-0.05733759567499826,-0.04182618770109958,0.13425375721506572,0.11645631925307276,0.017797437961992957,-0.631979789499983,-0.8167419547718363,0.21243362437473853,0.14258642962158813,0.26120564789792966,0.3575923658798672,0.4674494081710577,58.605272784269395,41.583289083403606,13.142917610992566,13.903652556858242,0.7607349458656774,2.807780286916223,42,0.6428571428571429
us_stocks,1d,ibs,JNJ,-0.28798729235587234,-0.2638797217808175,0.0685340427670953,0.10365507552048547,-0.03512103275339018,-0.8073274903321281,-0.5201147062014648,0.08489001500357796,0.19929272194110004,0.16252286169736047,0.2233858338069454,0.47449848249315274,56.74208033944727,53.57575862241664,3.906493403952368,6.956153092960479,3.0496596890081107,1.5565338822269363,54,0.6111111111111112
us_stocks,1d,ibs,XOM,0.15435854135052327,0.17686936867279776,0.14397943719953954,0.09797950137200262,0.04599993582753692,-0.4513084891831909,-0.621399786278632,0.31902665394157204,0.15767546680176872,0.1712252708922922,0.24207452614120425,0.4567325486712562,59.87782688452199,53.57575862241664,15.495088630281295,13.28938262206459,-2.205706008216705,4.699864614621967,54,0.7777777777777778
us_stocks,1d,ibs,UNH,-0.5253323585929992,-0.5110600864026732,0.07420918140452049,0.17791136278773045,-0.10370218138320997,-0.718937752104635,-0.7441111730852215,0.10322059342033273,0.23909244911627558,0.2469908894355257,0.33289193888795904,0.459375,48.623181331547976,40.433388893137035,0.8682274798840696,10.390671533606907,9.522444053722838,0.6535126696596364,36,0.5833333333333334
us_stocks,1d,ibs,V,0.18468892158749012,0.20653482025713504,0.2777524861062981,0.217220364746745,0.060532121359553104,-0.2760137205741192,-0.36364911348809725,1.0062995619513486,0.5973350592365873,0.18877574799291963,0.2592673611078256,0.452962460425147,60.36133214595297,17.57747820135107,26.085831078980185,23.42584934476405,-2.6599817342161347,4.463651907092348,18,0.9444444444444444
us_stocks,1d,ibs,PG,-0.022739451993703072,0.001707467163578997,0.10027951774418375,0.09159782682966244,0.008681690914521312,-0.5469152407561564,-0.5422754536033203,0.1833547692061733,0.1689138356180642,0.16013104571775025,0.21971346406159048,0.46250647716337256,56.910066761504844,53.57575862241664,9.652342040665147,9.633408503566319,-0.018933537098828813,3.053528120521211,54,0.6481481481481481
us_stocks,1d,ibs,HD,-0.4079621925460721,-0.39209941052449554,0.1542197880474585,0.23417104582893256,-0.07995125778147405,-0.6588924712210228,-0.7058316961887465,0.23405911401850896,0.33176612369971104,0.26558309715975836,0.3499955638970066,0.4738762794837561,55.45153244744544,44.57947131294982,8.551142253497785,15.295483341145227,6.744341087647441,1.774503599285451,44,0.6136363636363636
us_stocks,1d,ibs,MA,0.07029227219331764,0.08678630856650117,0.2906056719235117,0.23657317717828508,0.054032494745226645,-0.31904815280591214,-0.6266535593150548,0.9108520747346155,0.3775182852816864,0.22024767640595982,0.31889786458942143,0.4285424279334145,59.02159693947649,19.586050868556075,27.6427029390134,26.25169749265575,-1.3910054463576516,3.5527850997430477,20,0.75
us_stocks,1d,ibs,CVX,-0.08648492217471013,-0.06690887579798507,0.09564086507166558,0.09335832740107208,0.0022825376705934985,-0.5827819135088506,-0.5824090671049211,0.16411090127321376,0.16029683031059946,0.18605928843171823,0.26852069335376827,0.4463360473723168,58.57103519824967,53.57596957913723,9.060312149709379,9.987495704160594,0.9271835544512148,2.9657450857785768,54,0.6666666666666666
us_stocks,1d,ibs,ABBV,-0.2634241175220244,-0.24580638363929083,0.1379132636317717,0.1752793005968991,-0.037366036965127414,-0.33172457659036414,-0.45137133803929796,0.4157462948609813,0.3883261647899289,0.17679817392150976,0.26484077798491135,0.44058154235145386,53.50040046770118,12.579345091188578,9.961157564828955,13.404081916110373,3.442924351281419,1.2981075016735046,13,0.7692307692307693
us_stocks,1d,ibs,PEP,-0.008385438658040815,0.012617809513994849,0.12413373512500558,0.10844173247784572,0.015692002647159864,-0.638623200607553,-0.6697601359604566,0.19437711471633226,0.16191129727710196,0.16687576083159417,0.242631270570503,0.45910133984750906,57.28605989565016,53.59069912631765,11.793214263652477,11.63037534797877,-0.16283891567370637,3.429728104295528,54,0.6666666666666666
us_stocks,1d,ibs,KO,0.06623614737885787,0.08980359334310221,0.12112823997866173,0.09381578031688687,0.02731245966177487,-0.666181624764645,-0.6906354162674955,0.1818246488282457,0.1358398050651812,0.16796823511502393,0.23584706631577382,0.4499962987637871,60.53110741474589,53.57575862241664,12.741653606357385,11.671159086515532,-1.070494519841855,4.448296737846606,54,0.7592592592592593
us_stocks,1d,ibs,WMT,-0.3602009090955303,-0.34172817867065564,0.12066634785055208,0.18251831577421962,-0.06185196792366754,-0.8889945173642123,-0.7689646002196188,0.1357335118424766,0.2373559403411962,0.20096793899943488,0.29110056625948993,0.46568954030646237,59.70598155014716,53.59597006729241,6.416484509312797,11.759908308279268,5.343423798966471,1.7188926460255616,54,0.6481481481481481
us_stocks,1d,macd_cross,AAPL,-0.287798229664831,-0.28396947067967,0.15750983506836413,0.20383726051326567,-0.04632742544490154,-0.5747614133990564,-0.8180144825485205,0.2740438578450728,0.2491853932441533,0.29605246918608874,0.4343362391638514,0.5121495327102804,19.04305184790806,44.58319006747153,7.462591392727099,14.810863334029523,7.348271941302424,1.7848630447192948,45,0.5555555555555556
us_stocks,1d,macd_cross,MSFT,-0.5628895228061426,-0.557860654074669,0.10292925100570383,0.22969511657674668,-0.12676586557104286,-0.5144740933047169,-0.7448300974535446,0.2000669272665204,0.3083859223224702,0.2201895930367116,0.33176702705915917,0.5094774847056464,19.681413471984573,39.58049055312335,-1.59527507321072,9.620553114656373,11.215828187867093,-0.6738458816285041,40,0.425
us_stocks,1d,macd_cross,AMZN,-0.5850453280273623,-0.5817923754673114,0.0963374474944152,0.2789109146125326,-0.1825734671181174,-0.7994626840734953,-0.944042126811601,0.12050274442272632,0.29544329293283095,0.3663129470062085,0.5372205277940668,0.5025733759910975,20.153248225029973,28.581000619275773,-5.712465998434226,12.579795645137853,18.29226164357208,-1.3697442372094681,29,0.4482758620689655
us_stocks,1d,macd_cross,NVDA,-0.5745533590153027,-0.5714912935357241,0.14765584698514278,0.3373619656742499,-0.18970611868910714,-0.7260170011135073,-0.8972243189876287,0.2033779467404757,0.37600626569608353,0.4179673193202396,0.5861468002970952,0.5175766641735228,19.828686264175662,26.57765587587751,-2.001187673365929,17.385969195700497,19.387156869066427,-0.31673193848009873,27,0.48148148148148145
us_stocks,1d,macd_cross,GOOGL,-0.44539108022158774,-0.4393690245766784,0.1377828486003625,0.22380410512238624,-0.08602125652202375,-0.42672618047306143,-0.6529478569615115,0.3228835138439801,0.34275953697720546,0.2117981541158347,0.3021979697082325,0.5150119727389942,20.389302117702613,21.579944103039143,4.002545991207741,11.776601249079665,7.7740552578719235,0.964294526807574,22,0.5
us_stocks,1d,macd_cross,META,-0.866241839708215,-0.8612565631286008,0.03498152137779309,0.2568884522720689,-0.22190693089427582,-0.7834594438867473,-0.767360916089979,0.04465007302005263,0.33476874686428093,0.27867307289908905,0.38377359791877913,0.5002927400468384,20.895420916313004,13.591494573736101,-12.16869676341324,5.947865341411924,18.116562104825164,-1.3775287478412843,14,0.35714285714285715
us_stocks,1d,macd_cross,TSLA,-0.3176989534444651,-0.3145204622942162,0.3319789156189177,0.3963510153790619,-0.06437209976014424,-0.49972541450105645,-0.7363221747932771,0.6643226579748344,0.5382847739039472,0.40573609058695637,0.5680508276952779,0.5204185809086268,19.771834208415374,15.577715084668661,17.822287873548515,28.202464550667933,10.380176677119419,1.4628590940168824,16,0.625
us_stocks,1d,macd_cross,JPM,-0.32743750737496286,-0.32258010382566715,0.06037372638915195,0.11645631925307276,-0.05608259286392081,-0.6788009541178852,-0.8167419547718363,0.08894172293497843,0.14258642962158813,0.24539279106608222,0.3575923658798672,0.49608629247804503,19.767556105321887,41.583289083403606,0.583898002399669,7.197363637932062,6.613465635532393,0.08956747108007186,42,0.5476190476190477
us_stocks,1d,macd_cross,JNJ,-0.5370352665027203,-0.5291112546487421,0.024099813269613746,0.10365507552048547,-0.07955526225087173,-0.5258532189225249,-0.5201147062014648,0.04582992440170728,0.19929272194110004,0.1513434980851618,0.2233858338069454,0.5055888666814716,20.513008649030443,53.57575862241664,-4.108057066741604,2.8722306516426723,6.980287718384276,-2.0430883861208122,54,0.42592592592592593
us_stocks,1d,macd_cross,XOM,-0.6478002924389428,-0.6400129113328992,-0.006590705309569289,0.09797950137200262,-0.10457020668157191,-0.8046305521216057,-0.621399786278632,-0.008190970740784424,0.15767546680176872,0.1626541457886303,0.24207452614120425,0.5139536605226146,22.02488644754861,53.57575862241664,-8.745559703989837,0.6200106453279197,9.365570349317757,-3.2494527475315333,54,0.3148148148148148
us_stocks,1d,macd_cross,UNH,-0.44551911877529915,-0.4406702001071046,0.08604261259183965,0.17791136278773045,-0.0918687501958908,-0.4352521372958713,-0.7441111730852215,0.19768452632169495,0.23909244911627558,0.2107126405694285,0.33289193888795904,0.5026785714285714,19.637236000635347,40.433388893137035,-0.7844970683364573,9.53104194917102,10.315539017507476,-0.3099615099944796,36,0.3888888888888889
us_stocks,1d,macd_cross,V,-0.9645879031745641,-0.9578040402216151,0.026360125895812825,0.217220364746745,-0.19086023885093217,-0.35575456841263364,-0.36364911348809725,0.07409638058460058,0.5973350592365873,0.1690257531158724,0.2592673611078256,0.5061058344640434,21.27722735399285,17.57747820135107,-11.89907328345354,3.273138521110822,15.172211804564363,-3.6057236220507525,18,0.2777777777777778
us_stocks,1d,macd_cross,PG,-0.5665879509364745,-0.5582375800959356,0.00876160052732744,0.09159782682966244,-0.082836226302335,-0.47830014661761,-0.5422754536033203,0.01831820581550467,0.1689138356180642,0.14771494114247827,0.21971346406159048,0.5009993337774816,21.408936233337506,53.57575862241664,-5.540445655619117,1.6817757451014563,7.222221400720573,-2.982439887932876,54,0.3333333333333333
us_stocks,1d,macd_cross,HD,-0.6115415789073849,-0.6065128812600337,0.08861449330325177,0.23417104582893256,-0.14555655252568078,-0.6596457829326203,-0.7058316961887465,0.13433648117826794,0.33176612369971104,0.2328871901390785,0.3499955638970066,0.5190031152647975,20.72702911870533,44.57947131294982,-4.415855706679677,8.672511725718223,13.0883674323979,-1.4485742072259573,45,0.5111111111111111
us_stocks,1d,macd_cross,MA,-0.8833314311532852,-0.8773264070184451,0.0324425900834302,0.23657317717828508,-0.20413058709485488,-0.5690509505359443,-0.6266535593150548,0.05701174921661246,0.3775182852816864,0.21553537614953272,0.31889786458942143,0.5176613885505481,22.41391094846901,19.586050868556075,-12.665365287717583,4.343499753673328,17.008865041390912,-3.7740162212416912,20,0.25
us_stocks,1d,macd_cross,CVX,-0.3590053916559065,-0.3523840204509516,0.03862396170814142,0.09335832740107208,-0.054734365692930664,-0.6838990225349931,-0.5824090671049211,0.05647611772418514,0.16029683031059946,0.18211509936985515,0.26852069335376827,0.5096965210954848,20.475597709521953,53.57596957913723,-1.2869950341272607,4.3400140623456975,5.627009096472958,-0.5750458403939651,54,0.46296296296296297
us_stocks,1d,macd_cross,ABBV,-0.6656650569640737,-0.6588760350209976,0.055394093309452996,0.1752793005968991,-0.11988520728744612,-0.36316161383599954,-0.45137133803929796,0.15253289774857223,0.3883261647899289,0.1863255416087141,0.26484077798491135,0.5101137800252844,20.191830191376077,12.579345091188578,-4.410654904506246,5.667759176130359,10.078414080636605,-0.9388875195436048,13,0.46153846153846156
us_stocks,1d,macd_cross,PEP,-0.6838720637371294,-0.676230034098336,-0.002974256779596396,0.10844173247784572,-0.11141598925744212,-0.6917768502137633,-0.6697601359604566,-0.004299445375596672,0.16191129727710196,0.1649810428706282,0.242631270570503,0.5061810644755348,21.514927381004767,53.59069912631765,-8.727007005940814,0.9412342296024465,9.668241235543261,-3.6418405095890605,54,0.2777777777777778
us_stocks,1d,macd_cross,KO,-0.5097316119261287,-0.5021709072580922,0.015324605358706389,0.09381578031688687,-0.07849117495818048,-0.5553350558378585,-0.6906354162674955,0.02759524218327165,0.1358398050651812,0.15621658727259807,0.23584706631577382,0.5064771633725664,21.035633073209564,53.57575862241664,-4.880484716944023,2.253267307595961,7.133752024539984,-2.080868888089509,54,0.4074074074074074
us_stocks,1d,macd_cross,WMT,-0.6163385836118583,-0.6102900774690417,0.061435370310247706,0.18251831577421962,-0.12108294546397191,-0.6118452676890362,-0.7689646002196188,0.10040997872271126,0.2373559403411962,0.20033665845955073,0.29110056625948993,0.50988230068843,20.20674313087793,53.59597006729241,-4.145626364151046,6.298886807343795,10.44451317149484,-1.6275708205048178,54,0.42592592592592593
us_etfs,1d,ibs,SPY,-0.23458804618319146,-0.20563776720529506,0.12325762572245802,0.1473553357597981,-0.02409771003734007,-0.1957123048684679,-0.33719648929652524,0.6297898632653455,0.43700139365987334,0.11432576988704375,0.16845199121212603,0.34473606605721024,55.116807608767,13.480461446061996,13.033775127781567,14.575777335780067,1.5420022079985016,2.068844892537505,14,0.7857142857142857
us_etfs,1d,ibs,TQQQ,-0.30773027639203554,-0.2998072010142025,0.38934423785474337,0.43634665434268394,-0.04700241648794057,-0.45448116238952063,-0.8156628301656892,0.8566784942365762,0.5349595913964191,0.4241708627983556,0.6196813945356028,0.3465054556178119,54.96844473498835,13.480461446061996,40.09751693342337,48.33891916806904,8.241402234645669,1.7873865830842788,14,0.7142857142857143
us_etfs,1d,ibs,SOXL,-0.1335543198480714,-0.12767683645990766,0.7513342073607474,0.4969596320459073,0.2543745753148401,-0.5788659523969955,-0.9046079211375828,1.2979416119562521,0.5493646699676911,0.6267539227310146,0.9347916776637579,0.37776467118844,62.98436993697288,13.479534698046137,74.02784184346974,79.68390422258051,5.65606237911075,2.6803054212227027,14,0.8571428571428571
us_etfs,1d,macd_cross,SPY,-0.5411631191221066,-0.5312772684349876,0.07437060589217759,0.1473553357597981,-0.0729847298676205,-0.159734173457441,-0.33719648929652524,0.4655898251603163,0.43700139365987334,0.09479432589104729,0.16845199121212603,0.5028015334709525,21.586798134792996,13.480461446061996,0.22077351893002273,6.141204294605348,5.920430775675325,0.20055898571217132,14,0.5714285714285714
us_etfs,1d,macd_cross,TQQQ,-0.5804663177046291,-0.5778795978342506,0.2199341143377671,0.43634665434268394,-0.21641254000491683,-0.6560149634666224,-0.8156628301656892,0.33525777091357034,0.5349595913964191,0.3745236252329985,0.6196813945356028,0.5346505455617812,20.028987960117213,13.480461446061996,-4.241762911596247,20.148432975556478,24.390195887152725,-0.899956879907784,14,0.42857142857142855
us_etfs,1d,macd_cross,SOXL,-0.5883700084550856,-0.5864889371130516,0.2709746931883288,0.4969596320459073,-0.22598493885757853,-0.7936363131551725,-0.9046079211375828,0.34143434303181586,0.5493646699676911,0.6168602560881858,0.9347916776637579,0.5193158360365674,20.77223036790625,13.479534698046137,-0.9964149430083564,33.12037414629968,34.11678908930804,-0.03634090665334486,14,0.5
crypto,1d,ibs,BTC/USD,-0.7222607080416396,-0.5290682153782782,0.07520523750089025,0.33401347909271784,-0.2588082415918276,-0.5984449887370471,-0.7663060714798322,0.125667753789037,0.4358747653502162,0.3807413658015522,0.57620831215847,0.41986143187066977,73.57867640028809,5.925629833676824,4.051018010601756,14.779835607941932,10.728817597340177,1.1108693020520608,7,0.5714285714285714
crypto,1d,ibs,ETH/USD,-0.8569931436520006,-0.6814635181302217,-0.05088756201276112,0.3018579296367798,-0.35274549164954094,-0.7764728123593734,-0.7929364774157909,-0.0655368239592772,0.38068362124106825,0.5593361962687863,0.7846951706516316,0.45416666666666666,84.9468567485755,5.921349173504704,-6.739208683993144,11.972315318412102,18.711524002405245,-0.2793578412108476,7,0.42857142857142855
crypto,1d,ibs,XRP/USD,-0.719781554833379,-0.6186558861340247,-0.04658974007136241,0.26357566804026944,-0.31016540811163185,-0.6730043675246704,-0.8324122821359663,-0.06922650478884829,0.3166407724834807,0.6085109238426305,1.0489631937107333,0.4327944572748268,76.9558122655045,5.925478356680308,-11.26093097597053,14.19852205233008,25.459453028300608,-0.6938682033943571,7,0.5714285714285714
crypto,1d,ibs,BNB/USD,-0.9387799509731942,-0.8000471009510306,0.13768309942482837,0.7275017207187493,-0.5898186212939209,-0.5960835732938179,-0.7084836863278706,0.23097952299544824,1.026843291889261,0.4691458475537969,0.8183097290074467,0.41893764434180136,82.18591719938897,5.925589402604133,-3.51923141753952,21.69187995189829,25.21111136943781,0.7619021282200499,7,0.5714285714285714
crypto,1d,ibs,SOL/USD,-0.6288699053023293,-0.48600375995512796,-0.22371707664306806,-0.05345162567465689,-0.17026545096841117,-0.8759820964498815,-0.9627249869276181,-0.25539001030926645,-0.05552117832241911,0.6888290553419273,0.9595953657147398,0.5194444444444445,84.6550114521301,4.925874946408827,-13.923197516688248,4.448512925209902,18.37171044189815,-0.5562243885492631,6,0.3333333333333333
crypto,1d,ibs,DOGE/USD,-1.0653241655426957,-0.9787981913669567,-0.11116310209805891,0.6810393845447555,-0.7922024866428145,-0.9499374752578811,-0.923061260891813,-0.11702149351238225,0.7378051852016532,1.7400771979967689,2.0139924780485385,0.49468822170900695,77.80696747235338,5.924919258211728,-19.800175969349397,33.866680831698126,53.66685680104752,-0.8871477312579282,7,0.2857142857142857
crypto,1d,ibs,ADA/USD,-0.6886678649249676,-0.5592150401963119,-0.14688279202222376,0.09733467178239574,-0.2442174638046195,-0.9236390386021354,-0.9515008431703206,-0.1590261843463447,0.1022959385491292,0.6531933038580018,0.9877289149203289,0.5122401847575058,85.05631191126504,5.925486171159147,-15.259231047419243,7.905511528093097,23.16474257551234,-1.3630011977631908,7,0.42857142857142855
crypto,1d,ibs,TRX/USD,-1.1424494420872437,-0.9932971480356304,-0.12210312132182044,0.5544370244215362,-0.6765401457433566,-0.677036845509442,-0.694890421830169,-0.18034930023630094,0.7978769126811197,0.4626017303814525,0.8159818724077056,0.41570438799076215,88.60079794710431,5.92545453499675,-26.030727305627,5.138949603939166,31.169676909566167,-1.3862836442486508,7,0.42857142857142855
crypto,1d,ibs,AVAX/USD,-0.6610550615989154,-0.520493579080751,-0.4670964504384555,-0.3383608503827721,-0.1287356000556834,-0.979127262712111,-0.9562546371865261,-0.47705387055062937,-0.3538396962740916,0.716883307420954,0.9707709804268171,0.54,81.00328308105469,4.925726277054064,-34.28959993455341,-14.146097222000572,20.143502712552838,-0.876840150102762,6,0.3333333333333333
crypto,1d,ibs,LINK/USD,-0.29398791009326536,-0.15140872706455566,-0.047471664341573905,-0.09504611231383087,0.04757444797225696,-0.7795981489594134,-0.9019491574054591,-0.06089247954851843,-0.10537856988218701,0.6972972398352315,1.0021870273544304,0.4771362586605081,91.98044575851202,5.925172415785611,11.17770038992135,16.861695848691237,5.683995458769888,0.7286125344745527,7,0.7142857142857143
crypto,1d,macd_cross,BTC/USD,-0.533692325372426,-0.4857699190755558,0.16410845780282157,0.33401347909271784,-0.16990502128989626,-0.7738527604683593,-0.7663060714798322,0.21206677314622246,0.4358747653502162,0.40237184489479283,0.57620831215847,0.5145496535796766,18.394669100072022,5.925629833676824,2.157733520405463,13.476281808468555,11.318548288063093,0.48762073447935267,7,0.42857142857142855
crypto,1d,macd_cross,ETH/USD,-0.1858861727555725,-0.1519975802725366,0.37391518200110374,0.3018579296367798,0.07205725236432392,-0.623809319772018,-0.7929364774157909,0.5994062130039313,0.38068362124106825,0.5489353122276212,0.7846951706516316,0.512962962962963,17.394684383903133,5.921349173504704,21.179223331211933,25.97879143641121,4.799568105199278,1.5617340743440378,7,0.7142857142857143
crypto,1d,macd_cross,XRP/USD,-0.021980437246819015,0.002053758365016382,0.627567571247948,0.26357566804026944,0.3639919032076786,-0.6462949079918516,-0.8324122821359663,0.971023542793966,0.3166407724834807,0.7350166213570811,1.0489631937107333,0.4868360277136259,16.369986381039336,5.925478356680308,42.49347597503193,42.411532917331144,-0.0819430577007786,1.7154951341037472,7,0.8571428571428571
crypto,1d,macd_cross,BNB/USD,-0.5078134612435173,-0.47200884742805393,0.5196548911162664,0.7275017207187493,-0.2078468296024829,-0.5283789400114811,-0.7084836863278706,0.9834890298712035,1.026843291889261,0.6363401925921506,0.8183097290074467,0.5376443418013857,17.0447179407357,5.925589402604133,17.37702578720023,31.779165384710915,14.402139597510685,0.20459840191982917,7,0.7142857142857143
crypto,1d,macd_cross,SOL/USD,0.3433122962353712,0.3706015689167574,0.5029158921795294,-0.05345162567465689,0.5563675178541863,-0.7230077885908854,-0.9627249869276181,0.695588484820742,-0.05552117832241911,0.687046589095186,0.9595953657147398,0.5516666666666666,16.443779202931747,4.925874946408827,47.65209467149382,32.484667011141035,-15.167427660352784,3.430432102438859,6,1.0
crypto,1d,macd_cross,DOGE/USD,-0.17895472571039922,-0.1696198804106655,1.2710998866985208,0.6810393845447555,0.5900605021537653,-0.669771513480726,-0.923061260891813,1.897811210412279,0.7378051852016532,1.0496428268848323,2.0139924780485385,0.5228637413394919,14.683744403676235,5.924919258211728,52.00482859952924,68.71849859537056,16.713669995841325,2.7095310968713258,7,0.8571428571428571
crypto,1d,macd_cross,ADA/USD,0.09554106122929582,0.12339268767462075,0.45049192672964766,0.09733467178239574,0.3531572549472519,-0.7955986250728301,-0.9515008431703206,0.5662301473791626,0.1022959385491292,0.7210274157644632,0.9877289149203289,0.5076212471131639,17.0450148869797,5.925486171159147,39.38755259759086,34.76013813673244,-4.627414460858425,1.4112319242625229,7,0.7142857142857143
crypto,1d,macd_cross,TRX/USD,-0.8987130271999593,-0.8487394419301677,0.1440882336903031,0.5544370244215362,-0.4103487907312331,-0.735115818055611,-0.694890421830169,0.19600752718315595,0.7978769126811197,0.6757146446528263,0.8159818724077056,0.5653579676674365,21.432954931966187,5.92545453499675,-7.330557516370369,17.17105842079962,24.50161593716999,-0.2757067028248454,7,0.42857142857142855
crypto,1d,macd_cross,AVAX/USD,0.23734083046117285,0.2692608119254412,-0.055067911635062305,-0.3383608503827721,0.2832929387477098,-0.752125065969536,-0.9562546371865261,-0.07321642919063778,-0.3538396962740916,0.7348706437396534,0.9707709804268171,0.5538888888888889,18.271417236328126,4.925726277054064,21.86941085021269,11.383305921627768,-10.486104928584922,0.15882130474428827,6,0.6666666666666666
crypto,1d,macd_cross,LINK/USD,-0.023498607551659178,0.002531509334375117,0.1568427606900118,-0.09504611231383087,0.25188887300384266,-0.633374005037383,-0.9019491574054591,0.24763056178908802,-0.10537856988218701,0.6977838738573879,1.0021870273544304,0.5242494226327945,17.04591747084351,5.925172415785611,21.243685181619398,21.13895232963745,-0.10473285198194689,3.6861182859180244,7,0.8571428571428571
