class,timeframe,symbol,rule,engine_pair,scenario,n_bars,windowed,vector,other,rel_diff,ok,n_fills,abs_diff,tolerance,seconds
us_stocks,1d,KO,MA_50,vector-reference,gross,14268,False,2423.3902881497684,2423.390288149767,5.629477263032926e-16,True,,,,
us_stocks,1d,KO,MA_50,vector-reference,retail,14268,False,1977.2451294089647,1977.2451294091281,8.268154019554371e-14,True,,,,
us_stocks,1d,KO,MA_50,vector-reference,wide,14268,False,1529.1746198959363,1529.1746198960445,7.077665827224891e-14,True,,,,
us_stocks,1d,KO,MA_50,vector-reference,pessimistic,14268,False,804.1965890651296,804.1965890652267,1.2072739518469337e-13,True,,,,
us_stocks,1d,KO,MA_50,vector-nautilus,gross,14268,False,2423.3902881497684,2423.52,5.3524952569917576e-05,True,5702.0,0.12971185023161524,1.1326738277191717,6.545345799997449
us_stocks,1d,JPM,DEMA_21,vector-reference,gross,10731,False,3378.737554642539,3378.7375546424937,1.3459090667211683e-14,True,,,,
us_stocks,1d,JPM,DEMA_21,vector-reference,retail,10731,False,2471.8967299162455,2471.8967299159126,1.3466382184186768e-13,True,,,,
us_stocks,1d,JPM,DEMA_21,vector-reference,wide,10731,False,1609.8024356665555,1609.8024356665062,3.0649778182720345e-14,True,,,,
us_stocks,1d,JPM,DEMA_21,vector-reference,pessimistic,10731,False,550.7710432359672,550.77104323597,4.953935285500848e-15,True,,,,
us_stocks,1d,JPM,DEMA_21,vector-nautilus,gross,10731,False,3378.737554642539,3378.71,8.155307150531013e-06,True,6100.0,0.02755464253914397,1.171537451385998,9.785339999943972
us_stocks,4h,MSFT,MA_1000,vector-reference,gross,3777,False,7319.156458034303,7319.156458034363,8.201307167183314e-15,True,,,,
us_stocks,4h,MSFT,MA_1000,vector-reference,retail,3777,False,7253.492093718861,7253.492093718769,1.2664102158271036e-14,True,,,,
us_stocks,4h,MSFT,MA_1000,vector-reference,wide,3777,False,7174.171086212669,7174.171086212699,4.1835251484573806e-15,True,,,,
us_stocks,4h,MSFT,MA_1000,vector-reference,pessimistic,3777,False,6979.586942489658,6979.58694248958,1.1206471815160515e-14,True,,,,
us_stocks,4h,MSFT,MA_1000,vector-nautilus,gross,3777,False,7319.156458034303,7319.24,1.1414152187604959e-05,True,644.0,0.0835419656968952,0.3806573262134856,0.42856510006822646
us_stocks,4h,XOM,VAR,vector-reference,gross,3721,False,2295.3823316989196,2295.38233169888,1.7235917076106717e-14,True,,,,
us_stocks,4h,XOM,VAR,vector-reference,retail,3721,False,2080.4068330662194,2080.406833066263,2.0984234905995463e-14,True,,,,
us_stocks,4h,XOM,VAR,vector-reference,wide,3721,False,1807.0790370396637,1807.0790370395882,4.177352440036042e-14,True,,,,
us_stocks,4h,XOM,VAR,vector-reference,pessimistic,3721,False,1270.5683746411114,1270.5683746410539,4.527543817025129e-14,True,,,,
us_stocks,4h,XOM,VAR,vector-nautilus,gross,3721,False,2295.3823316989196,2295.38,1.015821585508095e-06,True,2673.0,0.0023316989195336646,0.7755159572826338,2.6928512998856604
us_stocks,2h,TSLA,CDLHARAMICROSS,vector-reference,gross,7140,False,25934.4927442695,25934.49274426947,1.122205502290556e-15,True,,,,
us_stocks,2h,TSLA,CDLHARAMICROSS,vector-reference,retail,7140,False,25520.590835218838,25520.590835219053,8.410492962498402e-15,True,,,,
us_stocks,2h,TSLA,CDLHARAMICROSS,vector-reference,wide,7140,False,24912.915242511663,24912.91524251174,3.0665843079881773e-15,True,,,,
us_stocks,2h,TSLA,CDLHARAMICROSS,vector-reference,pessimistic,7140,False,23456.027640079898,23456.02764007995,2.17136951238306e-15,True,,,,
us_stocks,2h,TSLA,CDLHARAMICROSS,vector-nautilus,gross,7140,False,25934.4927442695,25934.620000000003,4.906813939133148e-06,True,507.0,0.12725573050192907,0.33774990747593103,0.6097490000538528
us_stocks,2h,TSLA,CDLUNIQUE3RIVER,vector-reference,gross,7140,False,10268.915092560534,10268.915092560532,1.771354994320335e-16,True,,,,
us_stocks,2h,TSLA,CDLUNIQUE3RIVER,vector-reference,retail,7140,False,10266.276433786372,10266.27643378637,1.771810271501703e-16,True,,,,
us_stocks,2h,TSLA,CDLUNIQUE3RIVER,vector-reference,wide,7140,False,10262.183523704323,10262.183523704321,1.772516930090195e-16,True,,,,
us_stocks,2h,TSLA,CDLUNIQUE3RIVER,vector-reference,pessimistic,7140,False,10251.956602539773,10251.95660253977,1.7742851185062847e-16,True,,,,
us_stocks,2h,TSLA,CDLUNIQUE3RIVER,vector-nautilus,gross,7140,False,10268.915092560534,10268.92,4.778926909264059e-07,True,4.0,0.004907439466478536,0.10268915092560535,0.22359500010497868
us_stocks,1h,TSLA,MACDEXT,vector-reference,gross,13263,False,170428.89232085965,170428.89232086088,7.17226323856824e-15,True,,,,
us_stocks,1h,TSLA,MACDEXT,vector-reference,retail,13263,False,150010.96893062076,150010.9689306174,2.2311305142441897e-14,True,,,,
us_stocks,1h,TSLA,MACDEXT,vector-reference,wide,13263,False,124316.21792988903,124316.21792989293,3.137091319333443e-14,True,,,,
us_stocks,1h,TSLA,MACDEXT,vector-reference,pessimistic,13263,False,77708.84740871932,77708.84740870849,1.3932293800424641e-13,True,,,,
us_stocks,1h,TSLA,MACDEXT,vector-nautilus,gross,13263,False,170428.89232085965,170428.37999999998,3.006068118504994e-06,True,7253.0,0.5123208596778568,1.7042889232085967,5.750108400126919
us_stocks,1h,JNJ,LINEARREG_INTERCEPT_21,vector-reference,gross,13257,False,8041.503556987642,8041.503556987701,7.35150524977014e-15,True,,,,
us_stocks,1h,JNJ,LINEARREG_INTERCEPT_21,vector-reference,retail,13257,False,7050.930886369754,7050.930886368869,1.2550659750982044e-13,True,,,,
us_stocks,1h,JNJ,LINEARREG_INTERCEPT_21,vector-reference,wide,13257,False,5804.854036112356,5804.854036111599,1.3035635128251287e-13,True,,,,
us_stocks,1h,JNJ,LINEARREG_INTERCEPT_21,vector-reference,pessimistic,13257,False,3569.285920981597,3569.285920981529,1.89834484493891e-14,True,,,,
us_stocks,1h,JNJ,LINEARREG_INTERCEPT_21,vector-nautilus,gross,13257,False,8041.503556987642,8041.0,6.261975563067708e-05,True,6786.0,0.5035569876417867,1.2356577195971383,5.65284419991076
us_stocks,15m,XOM,ROC,vector-reference,gross,44959,False,2843.1998927231894,2843.199892723261,2.527085120675149e-14,True,,,,
us_stocks,15m,XOM,ROC,vector-reference,retail,44959,False,1196.7139414444475,1196.713941444644,1.6415857522792942e-13,True,,,,
us_stocks,15m,XOM,ROC,vector-reference,wide,44959,False,315.5545772427228,315.5545772426518,2.249925536733836e-13,True,,,,
us_stocks,15m,XOM,ROC,vector-reference,pessimistic,44959,False,11.253370663910918,11.25337066391384,2.596650450858894e-13,True,,,,
us_stocks,15m,XOM,ROC,vector-nautilus,gross,20000,True,2832.0020894456584,2832.03,9.855414459555963e-06,True,12288.0,0.02791055434181544,1.662768775266122,21.748577499995008
us_stocks,15m,MSFT,EXP,vector-reference,gross,45804,False,2036.7029478933534,2036.7029478933164,1.8197012546960848e-14,True,,,,
us_stocks,15m,MSFT,EXP,vector-reference,retail,45804,False,1097.0528298715603,1097.0528298719923,3.9379141239036705e-13,True,,,,
us_stocks,15m,MSFT,EXP,vector-reference,wide,45804,False,423.82404853191326,423.8240485318534,1.4122870155144636e-13,True,,,,
us_stocks,15m,MSFT,EXP,vector-reference,pessimistic,45804,False,39.284362058377866,39.28436205837856,1.7725421632407155e-14,True,,,,
us_stocks,15m,MSFT,EXP,vector-nautilus,gross,20000,True,2954.5365380586745,2954.44,3.267451846708266e-05,True,11675.0,0.09653805867446863,1.6207637088730733,15.983191800070927
us_stocks,5m,KO,AVGDEV,vector-reference,gross,128107,False,12992.800046255159,12992.800046255988,6.383990864662986e-14,True,,,,
us_stocks,5m,KO,AVGDEV,vector-reference,retail,128107,False,2965.336711401049,2965.336711402335,4.336861656761897e-13,True,,,,
us_stocks,5m,KO,AVGDEV,vector-reference,wide,128107,False,302.9752262945601,302.97522629425737,9.992501781601996e-13,True,,,,
us_stocks,5m,KO,AVGDEV,vector-reference,pessimistic,128107,False,1.0091079754017331,1.0091079754018093,7.547388519941053e-14,True,,,,
us_stocks,5m,KO,AVGDEV,vector-nautilus,gross,20000,True,12748.894950266516,12748.76,1.0585252058520545e-05,True,13078.0,0.1349502665161708,1.7153862538798659,17.78801060002297
us_stocks,5m,PG,CDLEVENINGDOJISTAR,vector-reference,gross,128057,False,9803.532152762293,9803.532152762238,5.566328671753289e-15,True,,,,
us_stocks,5m,PG,CDLEVENINGDOJISTAR,vector-reference,retail,128057,False,9534.82390490731,9534.8239049075,1.9840418643851643e-14,True,,,,
us_stocks,5m,PG,CDLEVENINGDOJISTAR,vector-reference,wide,128057,False,9134.180961368236,9134.180961368453,2.369777213057619e-14,True,,,,
us_stocks,5m,PG,CDLEVENINGDOJISTAR,vector-reference,pessimistic,128057,False,8204.531839513895,8204.531839513978,1.019845058801869e-14,True,,,,
us_stocks,5m,PG,CDLEVENINGDOJISTAR,vector-nautilus,gross,20000,True,10126.3608350709,10126.39,2.8800997292476656e-06,True,183.0,0.029164929099351866,0.20291623887703022,0.996094899950549
us_stocks,1m,PG,RSI,vector-reference,gross,619366,False,845.5921365730716,845.5921365730584,1.5595785018949328e-14,True,,,,
us_stocks,1m,PG,RSI,vector-reference,retail,619366,False,0.04897947138403836,0.04897947138403239,1.2183571175301906e-13,True,,,,
us_stocks,1m,PG,RSI,vector-reference,wide,619366,False,1.3284351809464675e-08,1.3284351809432982e-08,2.385709023970018e-12,True,,,,
us_stocks,1m,PG,RSI,vector-reference,pessimistic,619366,False,5.023033411907152e-25,5.023033411923951e-25,1.6799467312181332e-24,True,,,,
us_stocks,1m,PG,RSI,vector-nautilus,gross,20000,True,8289.440114845673,8288.76,8.204593268663331e-05,True,11775.0,0.6801148456725059,1.6276900810658028,20.15923190000467
us_stocks,1m,UNH,MIN,vector-reference,gross,612547,False,4311.560375974543,4311.56037597475,4.809506858809717e-14,True,,,,
us_stocks,1m,UNH,MIN,vector-reference,retail,612547,False,440.8804965819379,440.8804965815205,9.467445893645563e-13,True,,,,
us_stocks,1m,UNH,MIN,vector-reference,wide,612547,False,12.942491011695322,12.942491011611036,6.51237505956829e-12,True,,,,
us_stocks,1m,UNH,MIN,vector-reference,pessimistic,612547,False,0.0019070205002830103,0.0019070205002710888,6.251350421291717e-12,True,,,,
us_stocks,1m,UNH,MIN,vector-nautilus,gross,20000,True,8777.063858852609,8776.85,2.4365648472855764e-05,True,10730.0,0.2138588526086096,1.5537856995094272,6.912130899960175
us_etfs,1d,TQQQ,MINUS_DM,vector-reference,gross,4146,False,40.90304899379232,40.90304899379213,4.51656088830112e-15,True,,,,
us_etfs,1d,TQQQ,MINUS_DM,vector-reference,retail,4146,False,37.75943595461782,37.75943595461718,1.693585844218349e-14,True,,,,
us_etfs,1d,TQQQ,MINUS_DM,vector-reference,wide,4146,False,34.02675935104716,34.02675935104654,1.8167236372225213e-14,True,,,,
us_etfs,1d,TQQQ,MINUS_DM,vector-reference,pessimistic,4146,False,26.228384821635576,26.22838482163618,2.3027011747130863e-14,True,,,,
us_etfs,1d,TQQQ,MINUS_DM,vector-nautilus,gross,4146,False,40.90304899379232,40.86,0.0010524641769089579,True,2088.0,0.04304899379231841,0.6854195795277518,2.3625797000713646
us_etfs,1d,TQQQ,CDL3STARSINSOUTH,vector-reference,gross,4146,False,10000.0,10000.0,0.0,True,,,,
us_etfs,1d,TQQQ,CDL3STARSINSOUTH,vector-reference,retail,4146,False,10000.0,10000.0,0.0,True,,,,
us_etfs,1d,TQQQ,CDL3STARSINSOUTH,vector-reference,wide,4146,False,10000.0,10000.0,0.0,True,,,,
us_etfs,1d,TQQQ,CDL3STARSINSOUTH,vector-reference,pessimistic,4146,False,10000.0,10000.0,0.0,True,,,,
us_etfs,1d,TQQQ,CDL3STARSINSOUTH,vector-nautilus,gross,4146,False,10000.0,10000.0,0.0,True,0.0,0.0,0.1,0.10043239989317954
us_etfs,4h,SPY,ASIN,vector-reference,gross,3272,False,10000.0,10000.0,0.0,True,,,,
us_etfs,4h,SPY,ASIN,vector-reference,retail,3272,False,10000.0,10000.0,0.0,True,,,,
us_etfs,4h,SPY,ASIN,vector-reference,wide,3272,False,10000.0,10000.0,0.0,True,,,,
us_etfs,4h,SPY,ASIN,vector-reference,pessimistic,3272,False,10000.0,10000.0,0.0,True,,,,
us_etfs,4h,SPY,ASIN,vector-nautilus,gross,3272,False,10000.0,10000.0,0.0,True,0.0,0.0,0.1,0.09345860010944307
us_etfs,4h,TQQQ,TSF_1000,vector-reference,gross,3271,False,4460.501015127568,4460.501015127585,3.6701941276084315e-15,True,,,,
us_etfs,4h,TQQQ,TSF_1000,vector-reference,retail,3271,False,4398.39916066552,4398.399160665421,2.2538864453186953e-14,True,,,,
us_etfs,4h,TQQQ,TSF_1000,vector-reference,wide,3271,False,4324.89970675359,4324.899706753572,4.205853376681552e-15,True,,,,
us_etfs,4h,TQQQ,TSF_1000,vector-reference,pessimistic,3271,False,4146.42917322071,4146.429173220776,1.579277392474688e-14,True,,,,
us_etfs,4h,TQQQ,TSF_1000,vector-nautilus,gross,3271,False,4460.501015127568,4460.46,9.195184000439187e-06,True,982.0,0.04101512756824377,0.4700531884797719,0.7775713999290019
crypto,1d,DOGE/USD,EMA_50,vector-reference,gross,2345,False,125502.1922231979,125502.19222319772,1.3913938844179414e-15,True,,,,
crypto,1d,DOGE/USD,EMA_50,vector-reference,binance,2345,False,86707.10038745675,86707.10038745643,3.692225130277617e-15,True,,,,
crypto,1d,DOGE/USD,EMA_50,vector-reference,kraken,2345,False,49710.52497464305,49710.5249746429,2.927330828992394e-15,True,,,,
crypto,1d,DOGE/USD,EMA_50,vector-reference,coinbase,2345,False,15434.350853807815,15434.350853807726,5.774812405003614e-15,True,,,,
crypto,1d,DOGE/USD,EMA_50,vector-nautilus,gross,2345,False,125502.1922231979,123516.95,0.015818386818831572,False,2840.0,1985.2422231978999,1.2550219222319792,1.4951692000031471
crypto,1d,SOL/USD,AROONOSC,vector-reference,gross,2184,False,2598.3496676169675,2598.3496676169675,0.0,True,,,,
crypto,1d,SOL/USD,AROONOSC,vector-reference,binance,2184,False,1825.1409168649452,1825.1409168649425,1.494944352025991e-15,True,,,,
crypto,1d,SOL/USD,AROONOSC,vector-reference,kraken,2184,False,1072.8298431557146,1072.8298431557153,6.358147386385579e-16,True,,,,
crypto,1d,SOL/USD,AROONOSC,vector-reference,coinbase,2184,False,351.09483534513987,351.09483534513924,1.7809365006871065e-15,True,,,,
crypto,1d,SOL/USD,AROONOSC,vector-nautilus,gross,2184,False,2598.3496676169675,2598.25,3.8358046343668914e-05,True,2300.0,0.09966761696750837,0.7193747284969079,1.2444855000358075
crypto,4h,XRP/USD,CDLINNECK,vector-reference,gross,14386,False,9780.844264772062,9780.844264772062,0.0,True,,,,
crypto,4h,XRP/USD,CDLINNECK,vector-reference,binance,14386,False,9759.239985803835,9759.239985803833,1.8638637908196013e-16,True,,,,
crypto,4h,XRP/USD,CDLINNECK,vector-reference,kraken,14386,False,9726.878353686358,9726.87835368636,1.8700649246389344e-16,True,,,,
crypto,4h,XRP/USD,CDLINNECK,vector-reference,coinbase,14386,False,9659.38679023673,9659.386790236727,1.88313134471891e-16,True,,,,
crypto,4h,XRP/USD,CDLINNECK,vector-nautilus,gross,14386,False,9780.844264772062,9780.8,4.525659632708602e-06,True,14.0,0.04426477206288837,0.09780844264772064,0.3892624999862164
crypto,4h,XRP/USD,KAMA_9,vector-reference,gross,14386,False,6818.206328086341,6818.206328086368,3.8683702255777224e-15,True,,,,
crypto,4h,XRP/USD,KAMA_9,vector-reference,binance,14386,False,48.69166179779218,48.691661797790466,3.5168403171229353e-14,True,,,,
crypto,4h,XRP/USD,KAMA_9,vector-reference,kraken,14386,False,0.02877873599806494,0.028778735998062382,8.884971194572167e-14,True,,,,
crypto,4h,XRP/USD,KAMA_9,vector-reference,coinbase,14386,False,4.713974895721921e-09,4.713974895721571e-09,7.422555419790196e-14,True,,,,
crypto,4h,XRP/USD,KAMA_9,vector-nautilus,gross,14386,False,6818.206328086341,6758.8,0.008712896798330625,False,17452.0,59.40632808634109,1.9815902704646084,19.286507799988613
crypto,2h,AVAX/USD,CDLTHRUSTING,vector-reference,gross,24087,False,9643.035953367147,9643.035953367173,2.640854163853841e-15,True,,,,
crypto,2h,AVAX/USD,CDLTHRUSTING,vector-reference,binance,24087,False,8543.870212064558,8543.8702120646,4.896698480096057e-15,True,,,,
crypto,2h,AVAX/USD,CDLTHRUSTING,vector-reference,kraken,24087,False,7123.72811945677,7123.728119456796,3.574792752138866e-15,True,,,,
crypto,2h,AVAX/USD,CDLTHRUSTING,vector-reference,coinbase,24087,False,4866.45670822337,4866.456708223392,4.485372859819199e-15,True,,,,
crypto,2h,AVAX/USD,CDLTHRUSTING,vector-nautilus,gross,20000,True,9643.035953367147,9642.98,5.80246381100103e-06,True,780.0,0.05595336714759469,0.4189272013130682,1.1082226999569684
crypto,2h,ADA/USD,CDL3WHITESOLDIERS,vector-reference,gross,28742,False,11445.390312019028,11445.390312019017,9.535661190876306e-16,True,,,,
crypto,2h,ADA/USD,CDL3WHITESOLDIERS,vector-reference,binance,28742,False,11098.083838571489,11098.0838385715,9.834072782315488e-16,True,,,,
crypto,2h,ADA/USD,CDL3WHITESOLDIERS,vector-reference,kraken,28742,False,10596.10941304908,10596.109413049096,1.544992033750799e-15,True,,,,
crypto,2h,ADA/USD,CDL3WHITESOLDIERS,vector-reference,coinbase,28742,False,9616.304148457732,9616.304148457717,1.5132544690467926e-15,True,,,,
crypto,2h,ADA/USD,CDL3WHITESOLDIERS,vector-nautilus,gross,20000,True,11179.555216182776,11178.91,5.771394034017759e-05,False,36.0,0.645216182776494,0.11179555216182777,0.6828936000820249
crypto,1h,AVAX/USD,SUM,vector-reference,gross,48152,False,10161.608822149208,10161.608822149492,2.79249429809412e-14,True,,,,
crypto,1h,AVAX/USD,SUM,vector-reference,binance,48152,False,840.1926000110452,840.1926000110305,1.7455047885325257e-14,True,,,,
crypto,1h,AVAX/USD,SUM,vector-reference,kraken,48152,False,19.769912743040823,19.76991274303993,4.510546631991903e-14,True,,,,
crypto,1h,AVAX/USD,SUM,vector-reference,coinbase,48152,False,0.007475356380488077,0.007475356380487825,3.364855014447116e-14,True,,,,
crypto,1h,AVAX/USD,SUM,vector-nautilus,gross,20000,True,9437.893868994943,9437.39,5.3387864065586255e-05,True,20294.0,0.5038689949433319,2.1368551658921575,12.305566300172359
crypto,1h,ADA/USD,CDLCONCEALBABYSWALL,vector-reference,gross,57462,False,10000.0,10000.0,0.0,True,,,,
crypto,1h,ADA/USD,CDLCONCEALBABYSWALL,vector-reference,binance,57462,False,10000.0,10000.0,0.0,True,,,,
crypto,1h,ADA/USD,CDLCONCEALBABYSWALL,vector-reference,kraken,57462,False,10000.0,10000.0,0.0,True,,,,
crypto,1h,ADA/USD,CDLCONCEALBABYSWALL,vector-reference,coinbase,57462,False,10000.0,10000.0,0.0,True,,,,
crypto,1h,ADA/USD,CDLCONCEALBABYSWALL,vector-nautilus,gross,20000,True,10000.0,10000.0,0.0,True,0.0,0.0,0.1,0.5206059999763966
crypto,15m,BTC/USD,CDLHIKKAKE,vector-reference,gross,225624,False,24383.733735134712,24383.733735135465,3.088376953455939e-14,True,,,,
crypto,15m,BTC/USD,CDLHIKKAKE,vector-reference,binance,225624,False,2.6529496554348503e-14,2.6529496554347405e-14,1.0980943800676484e-15,True,,,,
crypto,15m,BTC/USD,CDLHIKKAKE,vector-reference,kraken,225624,False,2.679679795606985e-41,2.6796797956081943e-41,1.2092204842259766e-41,True,,,,
crypto,15m,BTC/USD,CDLHIKKAKE,vector-reference,coinbase,225624,False,6.098460292380298e-98,6.098460292376744e-98,3.55393071362985e-98,True,,,,
crypto,15m,BTC/USD,CDLHIKKAKE,vector-nautilus,gross,20000,True,18726.440543018954,18726.980000000003,2.8807235406507625e-05,True,14660.0,0.5394569810487155,1.8161773041198372,13.580288799945265
crypto,15m,DOGE/USD,CDLGAPSIDESIDEWHITE,vector-reference,gross,218323,False,7097.130104843418,7097.130104843451,4.613387211470268e-15,True,,,,
crypto,15m,DOGE/USD,CDLGAPSIDESIDEWHITE,vector-reference,binance,218323,False,3698.515778840637,3698.5157788406536,4.5492984183167076e-15,True,,,,
crypto,15m,DOGE/USD,CDLGAPSIDESIDEWHITE,vector-reference,kraken,218323,False,1389.4899203218758,1389.4899203218934,1.2600143947120513e-14,True,,,,
crypto,15m,DOGE/USD,CDLGAPSIDESIDEWHITE,vector-reference,coinbase,218323,False,178.4699600148052,178.46996001480403,6.529334609308501e-15,True,,,,
crypto,15m,DOGE/USD,CDLGAPSIDESIDEWHITE,vector-nautilus,gross,20000,True,9460.105340771908,9171.05,0.030555192607223457,False,236.0,289.05534077190896,0.23043437243605822,0.813090399838984
crypto,5m,XRP/USD,TRANGE,vector-reference,gross,666173,False,4249.9547765507195,4249.9547765503685,8.260439777415821e-14,True,,,,
crypto,5m,XRP/USD,TRANGE,vector-reference,binance,666173,False,1.0558720134112027e-256,1.0558720134071885e-256,4.0142439491871374e-256,True,,,,
crypto,5m,XRP/USD,TRANGE,vector-reference,kraken,666173,False,2.47033e-319,5.4e-323,2.4697847569958073e-307,True,,,,
crypto,5m,XRP/USD,TRANGE,vector-reference,coinbase,666173,False,2.47033e-319,0.0,2.4703282292062327e-307,True,,,,
crypto,5m,XRP/USD,TRANGE,vector-nautilus,gross,20000,True,9055.235820910408,8327.369999999999,0.08038065880400556,False,32190.0,727.8658209104087,2.691235775624276,164.0179849001579
crypto,5m,XRP/USD,ROCP,vector-reference,gross,666173,False,193.99590999332577,193.99590999331923,3.369655148512173e-14,True,,,,
crypto,5m,XRP/USD,ROCP,vector-reference,binance,666173,False,4.518324121717479e-96,4.518324121708534e-96,8.945042195142123e-96,True,,,,
crypto,5m,XRP/USD,ROCP,vector-reference,kraken,666173,False,6.538456442944114e-243,6.538456442916234e-243,2.787934976008894e-242,True,,,,
crypto,5m,XRP/USD,ROCP,vector-reference,coinbase,666173,False,3.95253e-319,1.9e-322,3.950647717275776e-307,True,,,,
crypto,5m,XRP/USD,ROCP,vector-nautilus,gross,20000,True,4875.980216531859,4712.990000000001,0.03342716936776012,False,22484.0,162.9902165318581,2.2491998577271874,33.59643979999237
crypto,1m,DOGE/USD,SMA_1000,vector-reference,gross,3253565,False,2.6163889876732967e-11,-2.307220629299953e-07,1.0001134000344158,False,,,,
crypto,1m,DOGE/USD,SMA_1000,vector-reference,binance,3253565,False,2.4562316559720083e-70,-2.1665288282193144e-66,2.1667744513849116e-54,True,,,,
crypto,1m,DOGE/USD,SMA_1000,vector-reference,kraken,3253565,False,4.0159999877913555e-159,-3.5436539225360076e-155,3.544055522534787e-143,True,,,,
crypto,1m,DOGE/USD,SMA_1000,vector-reference,coinbase,3253565,False,1.03754e-318,-2e-322,1.0377354825249542e-306,True,,,,
crypto,1m,DOGE/USD,SMA_1000,vector-nautilus,gross,20000,True,2300.0573998936034,1482.91,0.35527261186238357,False,9228.0,817.1473998936033,1.4409371950227392,5.706547300098464
crypto,1m,ETH/USD,CCI,vector-reference,gross,3303715,False,936644.7371488985,936644.7371490062,1.1496800058652734e-13,True,,,,
crypto,1m,ETH/USD,CCI,vector-reference,binance,3303715,False,3.211427e-318,1.12e-321,3.210305168952043e-306,True,,,,
crypto,1m,ETH/USD,CCI,vector-reference,kraken,3303715,False,1.531604e-318,4.45e-322,1.5311588430266072e-306,True,,,,
crypto,1m,ETH/USD,CCI,vector-reference,coinbase,3303715,False,4.94066e-319,2e-322,4.9386801958291005e-307,True,,,,
crypto,1m,ETH/USD,CCI,vector-nautilus,gross,20000,True,11596.39745808776,11595.820000000002,4.979633458113091e-05,True,21960.0,0.5774580877587141,2.2228360263411244,29.792469800217077
